timestamp,indoor_temp_c,outdoor_temp_c,hvac_kw,solar_w_m2,hvac_meter_kw,setpoint_c,hvac_command,rh_pct,q_sensible_kw,q_total_kw,data_kind,event
2026-07-15T00:00:00+08:00,25.97264,27.87868,0.0,0,0.0,,OFF,50,0.0,0.0,SYNTHETIC_NOT_MEASURED,
2026-07-15T00:01:00+08:00,26.02868,27.86944,0.0,0,0.0,,OFF,50,0.0,0.0,SYNTHETIC_NOT_MEASURED,
2026-07-15T00:02:00+08:00,26.04459,27.86025,0.0,0,0.0,,OFF,50,0.0,0.0,SYNTHETIC_NOT_MEASURED,
2026-07-15T00:03:00+08:00,26.02364,27.85109,0.0,0,0.0,,OFF,50,0.0,0.0,SYNTHETIC_NOT_MEASURED,
2026-07-15T00:04:00+08:00,25.99864,27.84198,0.0,0,0.0,,OFF,50,0.0,0.0,SYNTHETIC_NOT_MEASURED,
2026-07-15T00:05:00+08:00,26.04968,27.83291,0.0,0,0.0,,OFF,50,0.0,0.0,SYNTHETIC_NOT_MEASURED,
2026-07-15T00:06:00+08:00,26.01568,27.82388,0.0,0,0.0,,OFF,50,0.0,0.0,SYNTHETIC_NOT_MEASURED,
2026-07-15T00:07:00+08:00,26.00187,27.81489,0.0,0,0.0,,OFF,50,0.0,0.0,SYNTHETIC_NOT_MEASURED,
2026-07-15T00:08:00+08:00,26.07344,27.80594,0.0,0,0.0,,OFF,50,0.0,0.0,SYNTHETIC_NOT_MEASURED,
2026-07-15T00:09:00+08:00,26.04138,27.79703,0.0,0,0.0,,OFF,50,0.0,0.0,SYNTHETIC_NOT_MEASURED,
2026-07-15T00:10:00+08:00,26.0697,27.78817,0.0,0,0.0,,OFF,50,0.0,0.0,SYNTHETIC_NOT_MEASURED,
2026-07-15T00:11:00+08:00,26.06186,27.77935,0.0,0,0.0,,OFF,50,0.0,0.0,SYNTHETIC_NOT_MEASURED,
2026-07-15T00:12:00+08:00,26.08617,27.77057,0.0,0,0.0,,OFF,50,0.0,0.0,SYNTHETIC_NOT_MEASURED,
2026-07-15T00:13:00+08:00,26.08642,27.76183,0.0,0,0.0,,OFF,50,0.0,0.0,SYNTHETIC_NOT_MEASURED,
2026-07-15T00:14:00+08:00,26.09021,27.75313,0.0,0,0.0,,OFF,50,0.0,0.0,SYNTHETIC_NOT_MEASURED,
2026-07-15T00:15:00+08:00,26.08946,27.74448,0.0,0,0.0,,OFF,50,0.0,0.0,SYNTHETIC_NOT_MEASURED,
2026-07-15T00:16:00+08:00,26.0758,27.73587,0.0,0,0.0,,OFF,50,0.0,0.0,SYNTHETIC_NOT_MEASURED,
2026-07-15T00:17:00+08:00,26.12741,27.72731,0.0,0,0.0,,OFF,50,0.0,0.0,SYNTHETIC_NOT_MEASURED,
2026-07-15T00:18:00+08:00,26.1441,27.71878,0.0,0,0.0,,OFF,50,0.0,0.0,SYNTHETIC_NOT_MEASURED,
2026-07-15T00:19:00+08:00,26.1019,27.7103,0.0,0,0.0,,OFF,50,0.0,0.0,SYNTHETIC_NOT_MEASURED,
2026-07-15T00:20:00+08:00,26.12036,27.70187,0.0,0,0.0,,OFF,50,0.0,0.0,SYNTHETIC_NOT_MEASURED,
2026-07-15T00:21:00+08:00,26.12386,27.69347,0.0,0,0.0,,OFF,50,0.0,0.0,SYNTHETIC_NOT_MEASURED,
2026-07-15T00:22:00+08:00,26.13179,27.68513,0.0,0,0.0,,OFF,50,0.0,0.0,SYNTHETIC_NOT_MEASURED,
2026-07-15T00:23:00+08:00,26.10381,27.67682,0.0,0,0.0,,OFF,50,0.0,0.0,SYNTHETIC_NOT_MEASURED,
2026-07-15T00:24:00+08:00,26.15296,27.66856,0.0,0,0.0,,OFF,50,0.0,0.0,SYNTHETIC_NOT_MEASURED,
2026-07-15T00:25:00+08:00,26.13819,27.66035,0.0,0,0.0,,OFF,50,0.0,0.0,SYNTHETIC_NOT_MEASURED,
2026-07-15T00:26:00+08:00,26.1964,27.65218,0.0,0,0.0,,OFF,50,0.0,0.0,SYNTHETIC_NOT_MEASURED,
2026-07-15T00:27:00+08:00,26.19727,27.64405,0.0,0,0.0,,OFF,50,0.0,0.0,SYNTHETIC_NOT_MEASURED,
2026-07-15T00:28:00+08:00,26.15128,27.63597,0.0,0,0.0,,OFF,50,0.0,0.0,SYNTHETIC_NOT_MEASURED,
2026-07-15T00:29:00+08:00,26.16044,27.62793,0.0,0,0.0,,OFF,50,0.0,0.0,SYNTHETIC_NOT_MEASURED,
2026-07-15T00:30:00+08:00,26.19126,27.61994,0.0,0,0.0,,OFF,50,0.0,0.0,SYNTHETIC_NOT_MEASURED,
2026-07-15T00:31:00+08:00,26.17422,27.61199,0.0,0,0.0,,OFF,50,0.0,0.0,SYNTHETIC_NOT_MEASURED,
2026-07-15T00:32:00+08:00,26.20426,27.60409,0.0,0,0.0,,OFF,50,0.0,0.0,SYNTHETIC_NOT_MEASURED,
2026-07-15T00:33:00+08:00,26.16358,27.59624,0.0,0,0.0,,OFF,50,0.0,0.0,SYNTHETIC_NOT_MEASURED,
2026-07-15T00:34:00+08:00,26.1988,27.58843,0.0,0,0.0,,OFF,50,0.0,0.0,SYNTHETIC_NOT_MEASURED,
2026-07-15T00:35:00+08:00,26.21471,27.58067,0.0,0,0.0,,OFF,50,0.0,0.0,SYNTHETIC_NOT_MEASURED,
2026-07-15T00:36:00+08:00,26.19763,27.57295,0.0,0,0.0,,OFF,50,0.0,0.0,SYNTHETIC_NOT_MEASURED,
2026-07-15T00:37:00+08:00,26.20682,27.56528,0.0,0,0.0,,OFF,50,0.0,0.0,SYNTHETIC_NOT_MEASURED,
2026-07-15T00:38:00+08:00,26.22769,27.55765,0.0,0,0.0,,OFF,50,0.0,0.0,SYNTHETIC_NOT_MEASURED,
2026-07-15T00:39:00+08:00,26.23922,27.55008,0.0,0,0.0,,OFF,50,0.0,0.0,SYNTHETIC_NOT_MEASURED,
2026-07-15T00:40:00+08:00,26.23199,27.54254,0.0,0,0.0,,OFF,50,0.0,0.0,SYNTHETIC_NOT_MEASURED,
2026-07-15T00:41:00+08:00,26.21485,27.53506,0.0,0,0.0,,OFF,50,0.0,0.0,SYNTHETIC_NOT_MEASURED,
2026-07-15T00:42:00+08:00,26.22802,27.52762,0.0,0,0.0,,OFF,50,0.0,0.0,SYNTHETIC_NOT_MEASURED,
2026-07-15T00:43:00+08:00,26.22313,27.52023,0.0,0,0.0,,OFF,50,0.0,0.0,SYNTHETIC_NOT_MEASURED,
2026-07-15T00:44:00+08:00,26.2407,27.51289,0.0,0,0.0,,OFF,50,0.0,0.0,SYNTHETIC_NOT_MEASURED,
2026-07-15T00:45:00+08:00,26.24623,27.50559,0.0,0,0.0,,OFF,50,0.0,0.0,SYNTHETIC_NOT_MEASURED,
2026-07-15T00:46:00+08:00,26.18081,27.49834,0.0,0,0.0,,OFF,50,0.0,0.0,SYNTHETIC_NOT_MEASURED,
2026-07-15T00:47:00+08:00,26.28223,27.49114,0.0,0,0.0,,OFF,50,0.0,0.0,SYNTHETIC_NOT_MEASURED,
2026-07-15T00:48:00+08:00,26.23804,27.48399,0.0,0,0.0,,OFF,50,0.0,0.0,SYNTHETIC_NOT_MEASURED,
2026-07-15T00:49:00+08:00,26.23061,27.47688,0.0,0,0.0,,OFF,50,0.0,0.0,SYNTHETIC_NOT_MEASURED,
2026-07-15T00:50:00+08:00,26.26218,27.46983,0.0,0,0.0,,OFF,50,0.0,0.0,SYNTHETIC_NOT_MEASURED,
2026-07-15T00:51:00+08:00,26.25142,27.46282,0.0,0,0.0,,OFF,50,0.0,0.0,SYNTHETIC_NOT_MEASURED,
2026-07-15T00:52:00+08:00,26.26923,27.45586,0.0,0,0.0,,OFF,50,0.0,0.0,SYNTHETIC_NOT_MEASURED,
2026-07-15T00:53:00+08:00,26.26263,27.44894,0.0,0,0.0,,OFF,50,0.0,0.0,SYNTHETIC_NOT_MEASURED,
2026-07-15T00:54:00+08:00,26.29311,27.44208,0.0,0,0.0,,OFF,50,0.0,0.0,SYNTHETIC_NOT_MEASURED,
2026-07-15T00:55:00+08:00,26.31096,27.43526,0.0,0,0.0,,OFF,50,0.0,0.0,SYNTHETIC_NOT_MEASURED,
2026-07-15T00:56:00+08:00,26.20872,27.4285,0.0,0,0.0,,OFF,50,0.0,0.0,SYNTHETIC_NOT_MEASURED,
2026-07-15T00:57:00+08:00,26.29198,27.42178,0.0,0,0.0,,OFF,50,0.0,0.0,SYNTHETIC_NOT_MEASURED,
2026-07-15T00:58:00+08:00,26.29141,27.41511,0.0,0,0.0,,OFF,50,0.0,0.0,SYNTHETIC_NOT_MEASURED,
2026-07-15T00:59:00+08:00,26.27952,27.40849,0.0,0,0.0,,OFF,50,0.0,0.0,SYNTHETIC_NOT_MEASURED,
2026-07-15T01:00:00+08:00,26.29833,27.40192,0.0,0,0.0,,OFF,50,0.0,0.0,SYNTHETIC_NOT_MEASURED,
2026-07-15T01:01:00+08:00,26.30409,27.3954,0.0,0,0.0,,OFF,50,0.0,0.0,SYNTHETIC_NOT_MEASURED,
2026-07-15T01:02:00+08:00,26.35013,27.38893,0.0,0,0.0,,OFF,50,0.0,0.0,SYNTHETIC_NOT_MEASURED,
2026-07-15T01:03:00+08:00,26.29284,27.38251,0.0,0,0.0,,OFF,50,0.0,0.0,SYNTHETIC_NOT_MEASURED,
2026-07-15T01:04:00+08:00,26.31214,27.37614,0.0,0,0.0,,OFF,50,0.0,0.0,SYNTHETIC_NOT_MEASURED,
2026-07-15T01:05:00+08:00,26.33597,27.36982,0.0,0,0.0,,OFF,50,0.0,0.0,SYNTHETIC_NOT_MEASURED,
2026-07-15T01:06:00+08:00,26.33378,27.36355,0.0,0,0.0,,OFF,50,0.0,0.0,SYNTHETIC_NOT_MEASURED,
2026-07-15T01:07:00+08:00,26.30405,27.35733,0.0,0,0.0,,OFF,50,0.0,0.0,SYNTHETIC_NOT_MEASURED,
2026-07-15T01:08:00+08:00,26.39742,27.35116,0.0,0,0.0,,OFF,50,0.0,0.0,SYNTHETIC_NOT_MEASURED,
2026-07-15T01:09:00+08:00,26.3217,27.34504,0.0,0,0.0,,OFF,50,0.0,0.0,SYNTHETIC_NOT_MEASURED,
2026-07-15T01:10:00+08:00,26.30466,27.33897,0.0,0,0.0,,OFF,50,0.0,0.0,SYNTHETIC_NOT_MEASURED,
2026-07-15T01:11:00+08:00,26.30721,27.33295,0.0,0,0.0,,OFF,50,0.0,0.0,SYNTHETIC_NOT_MEASURED,
2026-07-15T01:12:00+08:00,26.38088,27.32698,0.0,0,0.0,,OFF,50,0.0,0.0,SYNTHETIC_NOT_MEASURED,
2026-07-15T01:13:00+08:00,26.32234,27.32106,0.0,0,0.0,,OFF,50,0.0,0.0,SYNTHETIC_NOT_MEASURED,
2026-07-15T01:14:00+08:00,26.39134,27.3152,0.0,0,0.0,,OFF,50,0.0,0.0,SYNTHETIC_NOT_MEASURED,
2026-07-15T01:15:00+08:00,26.35736,27.30938,0.0,0,0.0,,OFF,50,0.0,0.0,SYNTHETIC_NOT_MEASURED,
2026-07-15T01:16:00+08:00,26.35825,27.30362,0.0,0,0.0,,OFF,50,0.0,0.0,SYNTHETIC_NOT_MEASURED,
2026-07-15T01:17:00+08:00,26.38034,27.29791,0.0,0,0.0,,OFF,50,0.0,0.0,SYNTHETIC_NOT_MEASURED,
2026-07-15T01:18:00+08:00,26.36521,27.29224,0.0,0,0.0,,OFF,50,0.0,0.0,SYNTHETIC_NOT_MEASURED,
2026-07-15T01:19:00+08:00,26.39526,27.28663,0.0,0,0.0,,OFF,50,0.0,0.0,SYNTHETIC_NOT_MEASURED,
2026-07-15T01:20:00+08:00,26.40281,27.28108,0.0,0,0.0,,OFF,50,0.0,0.0,SYNTHETIC_NOT_MEASURED,
2026-07-15T01:21:00+08:00,26.42677,27.27557,0.0,0,0.0,,OFF,50,0.0,0.0,SYNTHETIC_NOT_MEASURED,
2026-07-15T01:22:00+08:00,26.40363,27.27012,0.0,0,0.0,,OFF,50,0.0,0.0,SYNTHETIC_NOT_MEASURED,
2026-07-15T01:23:00+08:00,26.42353,27.26471,0.0,0,0.0,,OFF,50,0.0,0.0,SYNTHETIC_NOT_MEASURED,
2026-07-15T01:24:00+08:00,26.36785,27.25936,0.0,0,0.0,,OFF,50,0.0,0.0,SYNTHETIC_NOT_MEASURED,
2026-07-15T01:25:00+08:00,26.36127,27.25407,0.0,0,0.0,,OFF,50,0.0,0.0,SYNTHETIC_NOT_MEASURED,
2026-07-15T01:26:00+08:00,26.40266,27.24882,0.0,0,0.0,,OFF,50,0.0,0.0,SYNTHETIC_NOT_MEASURED,
2026-07-15T01:27:00+08:00,26.38926,27.24363,0.0,0,0.0,,OFF,50,0.0,0.0,SYNTHETIC_NOT_MEASURED,
2026-07-15T01:28:00+08:00,26.41449,27.23849,0.0,0,0.0,,OFF,50,0.0,0.0,SYNTHETIC_NOT_MEASURED,
2026-07-15T01:29:00+08:00,26.42629,27.2334,0.0,0,0.0,,OFF,50,0.0,0.0,SYNTHETIC_NOT_MEASURED,
2026-07-15T01:30:00+08:00,26.45669,27.22836,0.0,0,0.0,,OFF,50,0.0,0.0,SYNTHETIC_NOT_MEASURED,
2026-07-15T01:31:00+08:00,26.46816,27.22338,0.0,0,0.0,,OFF,50,0.0,0.0,SYNTHETIC_NOT_MEASURED,
2026-07-15T01:32:00+08:00,26.39859,27.21845,0.0,0,0.0,,OFF,50,0.0,0.0,SYNTHETIC_NOT_MEASURED,
2026-07-15T01:33:00+08:00,26.38487,27.21357,0.0,0,0.0,,OFF,50,0.0,0.0,SYNTHETIC_NOT_MEASURED,
2026-07-15T01:34:00+08:00,26.4281,27.20875,0.0,0,0.0,,OFF,50,0.0,0.0,SYNTHETIC_NOT_MEASURED,
2026-07-15T01:35:00+08:00,26.45881,27.20398,0.0,0,0.0,,OFF,50,0.0,0.0,SYNTHETIC_NOT_MEASURED,
2026-07-15T01:36:00+08:00,26.45699,27.19926,0.0,0,0.0,,OFF,50,0.0,0.0,SYNTHETIC_NOT_MEASURED,
2026-07-15T01:37:00+08:00,26.42788,27.19459,0.0,0,0.0,,OFF,50,0.0,0.0,SYNTHETIC_NOT_MEASURED,
2026-07-15T01:38:00+08:00,26.44964,27.18998,0.0,0,0.0,,OFF,50,0.0,0.0,SYNTHETIC_NOT_MEASURED,
2026-07-15T01:39:00+08:00,26.41923,27.18543,0.0,0,0.0,,OFF,50,0.0,0.0,SYNTHETIC_NOT_MEASURED,
2026-07-15T01:40:00+08:00,26.48599,27.18092,0.0,0,0.0,,OFF,50,0.0,0.0,SYNTHETIC_NOT_MEASURED,
2026-07-15T01:41:00+08:00,26.47396,27.17647,0.0,0,0.0,,OFF,50,0.0,0.0,SYNTHETIC_NOT_MEASURED,
2026-07-15T01:42:00+08:00,26.43637,27.17208,0.0,0,0.0,,OFF,50,0.0,0.0,SYNTHETIC_NOT_MEASURED,
2026-07-15T01:43:00+08:00,26.44119,27.16773,0.0,0,0.0,,OFF,50,0.0,0.0,SYNTHETIC_NOT_MEASURED,
2026-07-15T01:44:00+08:00,26.46741,27.16344,0.0,0,0.0,,OFF,50,0.0,0.0,SYNTHETIC_NOT_MEASURED,
2026-07-15T01:45:00+08:00,26.51915,27.15921,0.0,0,0.0,,OFF,50,0.0,0.0,SYNTHETIC_NOT_MEASURED,
2026-07-15T01:46:00+08:00,26.46008,27.15503,0.0,0,0.0,,OFF,50,0.0,0.0,SYNTHETIC_NOT_MEASURED,
2026-07-15T01:47:00+08:00,26.47444,27.1509,0.0,0,0.0,,OFF,50,0.0,0.0,SYNTHETIC_NOT_MEASURED,
2026-07-15T01:48:00+08:00,26.46896,27.14683,0.0,0,0.0,,OFF,50,0.0,0.0,SYNTHETIC_NOT_MEASURED,
2026-07-15T01:49:00+08:00,26.47096,27.14281,0.0,0,0.0,,OFF,50,0.0,0.0,SYNTHETIC_NOT_MEASURED,
2026-07-15T01:50:00+08:00,26.48647,27.13885,0.0,0,0.0,,OFF,50,0.0,0.0,SYNTHETIC_NOT_MEASURED,
2026-07-15T01:51:00+08:00,26.46516,27.13494,0.0,0,0.0,,OFF,50,0.0,0.0,SYNTHETIC_NOT_MEASURED,
2026-07-15T01:52:00+08:00,26.49398,27.13109,0.0,0,0.0,,OFF,50,0.0,0.0,SYNTHETIC_NOT_MEASURED,
2026-07-15T01:53:00+08:00,26.48969,27.12729,0.0,0,0.0,,OFF,50,0.0,0.0,SYNTHETIC_NOT_MEASURED,
2026-07-15T01:54:00+08:00,26.48558,27.12354,0.0,0,0.0,,OFF,50,0.0,0.0,SYNTHETIC_NOT_MEASURED,
2026-07-15T01:55:00+08:00,26.5406,27.11985,0.0,0,0.0,,OFF,50,0.0,0.0,SYNTHETIC_NOT_MEASURED,
2026-07-15T01:56:00+08:00,26.52794,27.11621,0.0,0,0.0,,OFF,50,0.0,0.0,SYNTHETIC_NOT_MEASURED,
2026-07-15T01:57:00+08:00,26.46813,27.11263,0.0,0,0.0,,OFF,50,0.0,0.0,SYNTHETIC_NOT_MEASURED,
2026-07-15T01:58:00+08:00,26.50391,27.10911,0.0,0,0.0,,OFF,50,0.0,0.0,SYNTHETIC_NOT_MEASURED,
2026-07-15T01:59:00+08:00,26.50903,27.10564,0.0,0,0.0,,OFF,50,0.0,0.0,SYNTHETIC_NOT_MEASURED,
2026-07-15T02:00:00+08:00,26.55336,27.10222,10.0,0,10.0,26,ON,50,32.0,40.0,SYNTHETIC_NOT_MEASURED,
2026-07-15T02:01:00+08:00,26.51065,27.09886,10.0,0,10.0,26,ON,50,32.0,40.0,SYNTHETIC_NOT_MEASURED,
2026-07-15T02:02:00+08:00,26.42709,27.09556,10.0,0,10.0,26,ON,50,32.0,40.0,SYNTHETIC_NOT_MEASURED,
2026-07-15T02:03:00+08:00,26.41833,27.09231,10.0,0,10.0,26,ON,50,32.0,40.0,SYNTHETIC_NOT_MEASURED,
2026-07-15T02:04:00+08:00,26.36977,27.08911,10.0,0,10.0,26,ON,50,32.0,40.0,SYNTHETIC_NOT_MEASURED,
2026-07-15T02:05:00+08:00,26.30458,27.08597,10.0,0,10.0,26,ON,50,32.0,40.0,SYNTHETIC_NOT_MEASURED,
2026-07-15T02:06:00+08:00,26.27618,27.08289,10.0,0,10.0,26,ON,50,32.0,40.0,SYNTHETIC_NOT_MEASURED,
2026-07-15T02:07:00+08:00,26.25722,27.07986,10.0,0,10.0,26,ON,50,32.0,40.0,SYNTHETIC_NOT_MEASURED,
2026-07-15T02:08:00+08:00,26.2473,27.07689,10.0,0,10.0,26,ON,50,32.0,40.0,SYNTHETIC_NOT_MEASURED,
2026-07-15T02:09:00+08:00,26.1675,27.07397,10.0,0,10.0,26,ON,50,32.0,40.0,SYNTHETIC_NOT_MEASURED,
2026-07-15T02:10:00+08:00,26.14298,27.07111,10.0,0,10.0,26,ON,50,32.0,40.0,SYNTHETIC_NOT_MEASURED,
2026-07-15T02:11:00+08:00,26.06654,27.06831,10.0,0,10.0,26,ON,50,32.0,40.0,SYNTHETIC_NOT_MEASURED,
2026-07-15T02:12:00+08:00,25.99706,27.06556,5.826862,0,5.826862,26,ON,50,18.645959,23.307448,SYNTHETIC_NOT_MEASURED,
2026-07-15T02:13:00+08:00,25.96284,27.06286,0.9164,0,0.9164,26,ON,50,2.932479,3.665599,SYNTHETIC_NOT_MEASURED,
2026-07-15T02:14:00+08:00,26.00007,27.06023,0.914901,0,0.914901,26,ON,50,2.927683,3.659604,SYNTHETIC_NOT_MEASURED,
2026-07-15T02:15:00+08:00,26.02035,27.05764,0.913434,0,0.913434,26,ON,50,2.922989,3.653737,SYNTHETIC_NOT_MEASURED,
2026-07-15T02:16:00+08:00,25.95051,27.05512,0.911999,0,0.911999,26,ON,50,2.918397,3.647996,SYNTHETIC_NOT_MEASURED,
2026-07-15T02:17:00+08:00,25.95877,27.05265,0.910596,0,0.910596,26,ON,50,2.913907,3.642384,SYNTHETIC_NOT_MEASURED,
2026-07-15T02:18:00+08:00,26.01847,27.05024,0.909225,0,0.909225,26,ON,50,2.909519,3.636898,SYNTHETIC_NOT_MEASURED,
2026-07-15T02:19:00+08:00,25.99601,27.04788,0.907885,0,0.907885,26,ON,50,2.905233,3.631541,SYNTHETIC_NOT_MEASURED,
2026-07-15T02:20:00+08:00,25.98663,27.04558,0.906578,0,0.906578,26,ON,50,2.901049,3.626311,SYNTHETIC_NOT_MEASURED,
2026-07-15T02:21:00+08:00,25.97867,27.04333,0.905302,0,0.905302,26,ON,50,2.896967,3.621209,SYNTHETIC_NOT_MEASURED,
2026-07-15T02:22:00+08:00,25.99574,27.04114,0.904059,0,0.904059,26,ON,50,2.892988,3.616235,SYNTHETIC_NOT_MEASURED,
2026-07-15T02:23:00+08:00,26.00519,27.03901,0.902847,0,0.902847,26,ON,50,2.889111,3.611388,SYNTHETIC_NOT_MEASURED,
2026-07-15T02:24:00+08:00,26.00487,27.03693,0.901668,0,0.901668,26,ON,50,2.885336,3.60667,SYNTHETIC_NOT_MEASURED,
2026-07-15T02:25:00+08:00,26.04872,27.03492,0.90052,0,0.90052,26,ON,50,2.881664,3.602081,SYNTHETIC_NOT_MEASURED,
2026-07-15T02:26:00+08:00,25.95862,27.03295,0.899405,0,0.899405,26,ON,50,2.878095,3.597619,SYNTHETIC_NOT_MEASURED,
2026-07-15T02:27:00+08:00,26.0712,27.03105,0.898321,0,0.898321,26,ON,50,2.874629,3.593286,SYNTHETIC_NOT_MEASURED,
2026-07-15T02:28:00+08:00,25.99385,27.0292,0.89727,0,0.89727,26,ON,50,2.871265,3.589081,SYNTHETIC_NOT_MEASURED,
2026-07-15T02:29:00+08:00,26.01769,27.0274,0.896251,0,0.896251,26,ON,50,2.868004,3.585005,SYNTHETIC_NOT_MEASURED,
2026-07-15T02:30:00+08:00,26.00267,27.02567,0.895264,0,0.895264,26,ON,50,2.864846,3.581058,SYNTHETIC_NOT_MEASURED,
2026-07-15T02:31:00+08:00,25.98523,27.02399,0.89431,0,0.89431,26,ON,50,2.861791,3.577239,SYNTHETIC_NOT_MEASURED,
2026-07-15T02:32:00+08:00,25.98714,27.02236,0.893387,0,0.893387,26,ON,50,2.858839,3.573549,SYNTHETIC_NOT_MEASURED,
2026-07-15T02:33:00+08:00,25.96241,27.02079,0.892497,0,0.892497,26,ON,50,2.85599,3.569988,SYNTHETIC_NOT_MEASURED,
2026-07-15T02:34:00+08:00,26.04014,27.01928,0.891639,0,0.891639,26,ON,50,2.853244,3.566556,SYNTHETIC_NOT_MEASURED,
2026-07-15T02:35:00+08:00,26.00222,27.01783,0.890813,0,0.890813,26,ON,50,2.850602,3.563252,SYNTHETIC_NOT_MEASURED,
2026-07-15T02:36:00+08:00,26.00937,27.01643,0.890019,0,0.890019,26,ON,50,2.848062,3.560078,SYNTHETIC_NOT_MEASURED,
2026-07-15T02:37:00+08:00,26.01105,27.01509,0.889258,0,0.889258,26,ON,50,2.845626,3.557033,SYNTHETIC_NOT_MEASURED,
2026-07-15T02:38:00+08:00,26.04474,27.01381,0.888529,0,0.888529,26,ON,50,2.843293,3.554117,SYNTHETIC_NOT_MEASURED,
2026-07-15T02:39:00+08:00,26.01275,27.01259,0.887833,0,0.887833,26,ON,50,2.841064,3.55133,SYNTHETIC_NOT_MEASURED,
2026-07-15T02:40:00+08:00,26.00661,27.01142,0.887168,0,0.887168,26,ON,50,2.838938,3.548673,SYNTHETIC_NOT_MEASURED,
2026-07-15T02:41:00+08:00,25.99621,27.0103,0.886536,0,0.886536,26,ON,50,2.836915,3.546144,SYNTHETIC_NOT_MEASURED,
2026-07-15T02:42:00+08:00,25.9608,27.00925,0.885936,0,0.885936,26,ON,50,2.834996,3.543745,SYNTHETIC_NOT_MEASURED,
2026-07-15T02:43:00+08:00,26.02552,27.00825,0.885369,0,0.885369,26,ON,50,2.833181,3.541476,SYNTHETIC_NOT_MEASURED,
2026-07-15T02:44:00+08:00,25.98458,27.00731,0.884834,0,0.884834,26,ON,50,2.831469,3.539336,SYNTHETIC_NOT_MEASURED,
2026-07-15T02:45:00+08:00,25.96003,27.00642,0.884331,0,0.884331,26,ON,50,2.82986,3.537326,SYNTHETIC_NOT_MEASURED,
2026-07-15T02:46:00+08:00,25.94265,27.0056,0.883861,0,0.883861,26,ON,50,2.828356,3.535445,SYNTHETIC_NOT_MEASURED,
2026-07-15T02:47:00+08:00,25.97442,27.00482,0.883423,0,0.883423,26,ON,50,2.826955,3.533693,SYNTHETIC_NOT_MEASURED,
2026-07-15T02:48:00+08:00,26.00566,27.00411,0.883018,0,0.883018,26,ON,50,2.825657,3.532071,SYNTHETIC_NOT_MEASURED,
2026-07-15T02:49:00+08:00,26.02897,27.00345,0.882645,0,0.882645,26,ON,50,2.824463,3.530579,SYNTHETIC_NOT_MEASURED,
2026-07-15T02:50:00+08:00,26.00677,27.00286,0.882304,0,0.882304,26,ON,50,2.823373,3.529217,SYNTHETIC_NOT_MEASURED,
2026-07-15T02:51:00+08:00,25.97979,27.00231,0.881996,0,0.881996,26,ON,50,2.822387,3.527984,SYNTHETIC_NOT_MEASURED,
2026-07-15T02:52:00+08:00,26.01969,27.00183,0.88172,0,0.88172,26,ON,50,2.821505,3.526881,SYNTHETIC_NOT_MEASURED,
2026-07-15T02:53:00+08:00,25.99557,27.0014,0.881477,0,0.881477,26,ON,50,2.820726,3.525907,SYNTHETIC_NOT_MEASURED,
2026-07-15T02:54:00+08:00,26.00684,27.00103,0.881266,0,0.881266,26,ON,50,2.820051,3.525064,SYNTHETIC_NOT_MEASURED,
2026-07-15T02:55:00+08:00,25.98158,27.00071,0.881087,0,0.881087,26,ON,50,2.81948,3.52435,SYNTHETIC_NOT_MEASURED,
2026-07-15T02:56:00+08:00,25.98932,27.00046,0.880941,0,0.880941,26,ON,50,2.819013,3.523766,SYNTHETIC_NOT_MEASURED,
2026-07-15T02:57:00+08:00,26.04242,27.00026,0.880828,0,0.880828,26,ON,50,2.818649,3.523311,SYNTHETIC_NOT_MEASURED,
2026-07-15T02:58:00+08:00,26.02039,27.00011,0.880747,0,0.880747,26,ON,50,2.81839,3.522987,SYNTHETIC_NOT_MEASURED,
2026-07-15T02:59:00+08:00,26.00933,27.00003,0.880698,0,0.880698,26,ON,50,2.818234,3.522792,SYNTHETIC_NOT_MEASURED,
2026-07-15T03:00:00+08:00,25.97629,27.0,0.880682,0,0.880682,26,ON,50,2.818182,3.522727,SYNTHETIC_NOT_MEASURED,
2026-07-15T03:01:00+08:00,25.99437,27.00003,0.880698,0,0.880698,26,ON,50,2.818234,3.522792,SYNTHETIC_NOT_MEASURED,
2026-07-15T03:02:00+08:00,26.03142,27.00011,0.880747,0,0.880747,26,ON,50,2.81839,3.522987,SYNTHETIC_NOT_MEASURED,
2026-07-15T03:03:00+08:00,25.95805,27.00026,0.880828,0,0.880828,26,ON,50,2.818649,3.523311,SYNTHETIC_NOT_MEASURED,
2026-07-15T03:04:00+08:00,25.98506,27.00046,0.880941,0,0.880941,26,ON,50,2.819013,3.523766,SYNTHETIC_NOT_MEASURED,
2026-07-15T03:05:00+08:00,26.03724,27.00071,0.881087,0,0.881087,26,ON,50,2.81948,3.52435,SYNTHETIC_NOT_MEASURED,
2026-07-15T03:06:00+08:00,25.96415,27.00103,0.881266,0,0.881266,26,ON,50,2.820051,3.525064,SYNTHETIC_NOT_MEASURED,
2026-07-15T03:07:00+08:00,25.99161,27.0014,0.881477,0,0.881477,26,ON,50,2.820726,3.525907,SYNTHETIC_NOT_MEASURED,
2026-07-15T03:08:00+08:00,26.00374,27.00183,0.88172,0,0.88172,26,ON,50,2.821505,3.526881,SYNTHETIC_NOT_MEASURED,
2026-07-15T03:09:00+08:00,26.0145,27.00231,0.881996,0,0.881996,26,ON,50,2.822387,3.527984,SYNTHETIC_NOT_MEASURED,
2026-07-15T03:10:00+08:00,25.98212,27.00286,0.882304,0,0.882304,26,ON,50,2.823373,3.529217,SYNTHETIC_NOT_MEASURED,
2026-07-15T03:11:00+08:00,25.98077,27.00345,0.882645,0,0.882645,26,ON,50,2.824463,3.530579,SYNTHETIC_NOT_MEASURED,
2026-07-15T03:12:00+08:00,25.96192,27.00411,0.883018,0,0.883018,26,ON,50,2.825657,3.532071,SYNTHETIC_NOT_MEASURED,
2026-07-15T03:13:00+08:00,25.99563,27.00482,0.883423,0,0.883423,26,ON,50,2.826955,3.533693,SYNTHETIC_NOT_MEASURED,
2026-07-15T03:14:00+08:00,25.99992,27.0056,0.883861,0,0.883861,26,ON,50,2.828356,3.535445,SYNTHETIC_NOT_MEASURED,
2026-07-15T03:15:00+08:00,25.97214,27.00642,0.884331,0,0.884331,26,ON,50,2.82986,3.537326,SYNTHETIC_NOT_MEASURED,
2026-07-15T03:16:00+08:00,26.0495,27.00731,0.884834,0,0.884834,26,ON,50,2.831469,3.539336,SYNTHETIC_NOT_MEASURED,
2026-07-15T03:17:00+08:00,25.97969,27.00825,0.885369,0,0.885369,26,ON,50,2.833181,3.541476,SYNTHETIC_NOT_MEASURED,
2026-07-15T03:18:00+08:00,26.01242,27.00925,0.885936,0,0.885936,26,ON,50,2.834996,3.543745,SYNTHETIC_NOT_MEASURED,
2026-07-15T03:19:00+08:00,25.97969,27.0103,0.886536,0,0.886536,26,ON,50,2.836915,3.546144,SYNTHETIC_NOT_MEASURED,
2026-07-15T03:20:00+08:00,25.96735,27.01142,0.887168,0,0.887168,26,ON,50,2.838938,3.548673,SYNTHETIC_NOT_MEASURED,
2026-07-15T03:21:00+08:00,26.02094,27.01259,0.887833,0,0.887833,26,ON,50,2.841064,3.55133,SYNTHETIC_NOT_MEASURED,
2026-07-15T03:22:00+08:00,25.99828,27.01381,0.888529,0,0.888529,26,ON,50,2.843293,3.554117,SYNTHETIC_NOT_MEASURED,
2026-07-15T03:23:00+08:00,26.05084,27.01509,0.889258,0,0.889258,26,ON,50,2.845626,3.557033,SYNTHETIC_NOT_MEASURED,
2026-07-15T03:24:00+08:00,25.99304,27.01643,0.890019,0,0.890019,26,ON,50,2.848062,3.560078,SYNTHETIC_NOT_MEASURED,
2026-07-15T03:25:00+08:00,25.99838,27.01783,0.890813,0,0.890813,26,ON,50,2.850602,3.563252,SYNTHETIC_NOT_MEASURED,
2026-07-15T03:26:00+08:00,25.98259,27.01928,0.891639,0,0.891639,26,ON,50,2.853244,3.566556,SYNTHETIC_NOT_MEASURED,
2026-07-15T03:27:00+08:00,26.01573,27.02079,0.892497,0,0.892497,26,ON,50,2.85599,3.569988,SYNTHETIC_NOT_MEASURED,
2026-07-15T03:28:00+08:00,26.02223,27.02236,0.893387,0,0.893387,26,ON,50,2.858839,3.573549,SYNTHETIC_NOT_MEASURED,
2026-07-15T03:29:00+08:00,25.99435,27.02399,0.89431,0,0.89431,26,ON,50,2.861791,3.577239,SYNTHETIC_NOT_MEASURED,
2026-07-15T03:30:00+08:00,25.99211,27.02567,0.895264,0,0.895264,26,ON,50,2.864846,3.581058,SYNTHETIC_NOT_MEASURED,
2026-07-15T03:31:00+08:00,26.01813,27.0274,0.896251,0,0.896251,26,ON,50,2.868004,3.585005,SYNTHETIC_NOT_MEASURED,
2026-07-15T03:32:00+08:00,26.0399,27.0292,0.89727,0,0.89727,26,ON,50,2.871265,3.589081,SYNTHETIC_NOT_MEASURED,
2026-07-15T03:33:00+08:00,25.99206,27.03105,0.898321,0,0.898321,26,ON,50,2.874629,3.593286,SYNTHETIC_NOT_MEASURED,
2026-07-15T03:34:00+08:00,25.99939,27.03295,0.899405,0,0.899405,26,ON,50,2.878095,3.597619,SYNTHETIC_NOT_MEASURED,
2026-07-15T03:35:00+08:00,25.99288,27.03492,0.90052,0,0.90052,26,ON,50,2.881664,3.602081,SYNTHETIC_NOT_MEASURED,
2026-07-15T03:36:00+08:00,25.97884,27.03693,0.901668,0,0.901668,26,ON,50,2.885336,3.60667,SYNTHETIC_NOT_MEASURED,
2026-07-15T03:37:00+08:00,25.98413,27.03901,0.902847,0,0.902847,26,ON,50,2.889111,3.611388,SYNTHETIC_NOT_MEASURED,
2026-07-15T03:38:00+08:00,26.01584,27.04114,0.904059,0,0.904059,26,ON,50,2.892988,3.616235,SYNTHETIC_NOT_MEASURED,
2026-07-15T03:39:00+08:00,26.02123,27.04333,0.905302,0,0.905302,26,ON,50,2.896967,3.621209,SYNTHETIC_NOT_MEASURED,
2026-07-15T03:40:00+08:00,26.00541,27.04558,0.906578,0,0.906578,26,ON,50,2.901049,3.626311,SYNTHETIC_NOT_MEASURED,
2026-07-15T03:41:00+08:00,25.98817,27.04788,0.907885,0,0.907885,26,ON,50,2.905233,3.631541,SYNTHETIC_NOT_MEASURED,
2026-07-15T03:42:00+08:00,25.99254,27.05024,0.909225,0,0.909225,26,ON,50,2.909519,3.636898,SYNTHETIC_NOT_MEASURED,
2026-07-15T03:43:00+08:00,26.00694,27.05265,0.910596,0,0.910596,26,ON,50,2.913907,3.642384,SYNTHETIC_NOT_MEASURED,
2026-07-15T03:44:00+08:00,26.02924,27.05512,0.911999,0,0.911999,26,ON,50,2.918397,3.647996,SYNTHETIC_NOT_MEASURED,
2026-07-15T03:45:00+08:00,25.96986,27.05764,0.913434,0,0.913434,26,ON,50,2.922989,3.653737,SYNTHETIC_NOT_MEASURED,
2026-07-15T03:46:00+08:00,26.02819,27.06023,0.914901,0,0.914901,26,ON,50,2.927683,3.659604,SYNTHETIC_NOT_MEASURED,
2026-07-15T03:47:00+08:00,26.0222,27.06286,0.9164,0,0.9164,26,ON,50,2.932479,3.665599,SYNTHETIC_NOT_MEASURED,
2026-07-15T03:48:00+08:00,25.9884,27.06556,0.91793,0,0.91793,26,ON,50,2.937377,3.671721,SYNTHETIC_NOT_MEASURED,
2026-07-15T03:49:00+08:00,26.00701,27.06831,0.919492,0,0.919492,26,ON,50,2.942376,3.67797,SYNTHETIC_NOT_MEASURED,
2026-07-15T03:50:00+08:00,25.99585,27.07111,0.921086,0,0.921086,26,ON,50,2.947476,3.684345,SYNTHETIC_NOT_MEASURED,
2026-07-15T03:51:00+08:00,26.0053,27.07397,0.922712,0,0.922712,26,ON,50,2.952678,3.690848,SYNTHETIC_NOT_MEASURED,
2026-07-15T03:52:00+08:00,26.00512,27.07689,0.924369,0,0.924369,26,ON,50,2.957981,3.697477,SYNTHETIC_NOT_MEASURED,
2026-07-15T03:53:00+08:00,25.9863,27.07986,0.926058,0,0.926058,26,ON,50,2.963386,3.704232,SYNTHETIC_NOT_MEASURED,
2026-07-15T03:54:00+08:00,26.0277,27.08289,0.927779,0,0.927779,26,ON,50,2.968891,3.711114,SYNTHETIC_NOT_MEASURED,
2026-07-15T03:55:00+08:00,26.0536,27.08597,0.929531,0,0.929531,26,ON,50,2.974498,3.718122,SYNTHETIC_NOT_MEASURED,
2026-07-15T03:56:00+08:00,26.03449,27.08911,0.931314,0,0.931314,26,ON,50,2.980205,3.725256,SYNTHETIC_NOT_MEASURED,
2026-07-15T03:57:00+08:00,26.01949,27.09231,0.933129,0,0.933129,26,ON,50,2.986013,3.732517,SYNTHETIC_NOT_MEASURED,
2026-07-15T03:58:00+08:00,25.99219,27.09556,0.934976,0,0.934976,26,ON,50,2.991922,3.739902,SYNTHETIC_NOT_MEASURED,
2026-07-15T03:59:00+08:00,25.9729,27.09886,0.936854,0,0.936854,26,ON,50,2.997931,3.747414,SYNTHETIC_NOT_MEASURED,
2026-07-15T04:00:00+08:00,26.02173,27.10222,0.0,0,0.0,,OFF,50,0.0,0.0,SYNTHETIC_NOT_MEASURED,
2026-07-15T04:01:00+08:00,26.02326,27.10564,0.0,0,0.0,,OFF,50,0.0,0.0,SYNTHETIC_NOT_MEASURED,
2026-07-15T04:02:00+08:00,26.01955,27.10911,0.0,0,0.0,,OFF,50,0.0,0.0,SYNTHETIC_NOT_MEASURED,
2026-07-15T04:03:00+08:00,25.99074,27.11263,0.0,0,0.0,,OFF,50,0.0,0.0,SYNTHETIC_NOT_MEASURED,
2026-07-15T04:04:00+08:00,26.00714,27.11621,0.0,0,0.0,,OFF,50,0.0,0.0,SYNTHETIC_NOT_MEASURED,
2026-07-15T04:05:00+08:00,26.02702,27.11985,0.0,0,0.0,,OFF,50,0.0,0.0,SYNTHETIC_NOT_MEASURED,
2026-07-15T04:06:00+08:00,26.01747,27.12354,0.0,0,0.0,,OFF,50,0.0,0.0,SYNTHETIC_NOT_MEASURED,
2026-07-15T04:07:00+08:00,26.02608,27.12729,0.0,0,0.0,,OFF,50,0.0,0.0,SYNTHETIC_NOT_MEASURED,
2026-07-15T04:08:00+08:00,26.06164,27.13109,0.0,0,0.0,,OFF,50,0.0,0.0,SYNTHETIC_NOT_MEASURED,
2026-07-15T04:09:00+08:00,26.04055,27.13494,0.0,0,0.0,,OFF,50,0.0,0.0,SYNTHETIC_NOT_MEASURED,
2026-07-15T04:10:00+08:00,26.01459,27.13885,0.0,0,0.0,,OFF,50,0.0,0.0,SYNTHETIC_NOT_MEASURED,
2026-07-15T04:11:00+08:00,26.04634,27.14281,0.0,0,0.0,,OFF,50,0.0,0.0,SYNTHETIC_NOT_MEASURED,
2026-07-15T04:12:00+08:00,25.99793,27.14683,0.0,0,0.0,,OFF,50,0.0,0.0,SYNTHETIC_NOT_MEASURED,
2026-07-15T04:13:00+08:00,26.08584,27.1509,0.0,0,0.0,,OFF,50,0.0,0.0,SYNTHETIC_NOT_MEASURED,
2026-07-15T04:14:00+08:00,26.06311,27.15503,0.0,0,0.0,,OFF,50,0.0,0.0,SYNTHETIC_NOT_MEASURED,
2026-07-15T04:15:00+08:00,26.0794,27.15921,0.0,0,0.0,,OFF,50,0.0,0.0,SYNTHETIC_NOT_MEASURED,
2026-07-15T04:16:00+08:00,26.01975,27.16344,0.0,0,0.0,,OFF,50,0.0,0.0,SYNTHETIC_NOT_MEASURED,
2026-07-15T04:17:00+08:00,26.06186,27.16773,0.0,0,0.0,,OFF,50,0.0,0.0,SYNTHETIC_NOT_MEASURED,
2026-07-15T04:18:00+08:00,26.09751,27.17208,0.0,0,0.0,,OFF,50,0.0,0.0,SYNTHETIC_NOT_MEASURED,
2026-07-15T04:19:00+08:00,26.01077,27.17647,0.0,0,0.0,,OFF,50,0.0,0.0,SYNTHETIC_NOT_MEASURED,
2026-07-15T04:20:00+08:00,26.06581,27.18092,0.0,0,0.0,,OFF,50,0.0,0.0,SYNTHETIC_NOT_MEASURED,
2026-07-15T04:21:00+08:00,26.03788,27.18543,0.0,0,0.0,,OFF,50,0.0,0.0,SYNTHETIC_NOT_MEASURED,
2026-07-15T04:22:00+08:00,26.08734,27.18998,0.0,0,0.0,,OFF,50,0.0,0.0,SYNTHETIC_NOT_MEASURED,
2026-07-15T04:23:00+08:00,26.10576,27.19459,0.0,0,0.0,,OFF,50,0.0,0.0,SYNTHETIC_NOT_MEASURED,
2026-07-15T04:24:00+08:00,26.06396,27.19926,0.0,0,0.0,,OFF,50,0.0,0.0,SYNTHETIC_NOT_MEASURED,
2026-07-15T04:25:00+08:00,26.12874,27.20398,0.0,0,0.0,,OFF,50,0.0,0.0,SYNTHETIC_NOT_MEASURED,
2026-07-15T04:26:00+08:00,26.14242,27.20875,0.0,0,0.0,,OFF,50,0.0,0.0,SYNTHETIC_NOT_MEASURED,
2026-07-15T04:27:00+08:00,26.12989,27.21357,0.0,0,0.0,,OFF,50,0.0,0.0,SYNTHETIC_NOT_MEASURED,
2026-07-15T04:28:00+08:00,26.09237,27.21845,0.0,0,0.0,,OFF,50,0.0,0.0,SYNTHETIC_NOT_MEASURED,
2026-07-15T04:29:00+08:00,26.14863,27.22338,0.0,0,0.0,,OFF,50,0.0,0.0,SYNTHETIC_NOT_MEASURED,
2026-07-15T04:30:00+08:00,26.15175,27.22836,0.0,0,0.0,,OFF,50,0.0,0.0,SYNTHETIC_NOT_MEASURED,
2026-07-15T04:31:00+08:00,26.11243,27.2334,0.0,0,0.0,,OFF,50,0.0,0.0,SYNTHETIC_NOT_MEASURED,
2026-07-15T04:32:00+08:00,26.14714,27.23849,0.0,0,0.0,,OFF,50,0.0,0.0,SYNTHETIC_NOT_MEASURED,
2026-07-15T04:33:00+08:00,26.1298,27.24363,0.0,0,0.0,,OFF,50,0.0,0.0,SYNTHETIC_NOT_MEASURED,
2026-07-15T04:34:00+08:00,26.18491,27.24882,0.0,0,0.0,,OFF,50,0.0,0.0,SYNTHETIC_NOT_MEASURED,
2026-07-15T04:35:00+08:00,26.18293,27.25407,0.0,0,0.0,,OFF,50,0.0,0.0,SYNTHETIC_NOT_MEASURED,
2026-07-15T04:36:00+08:00,26.12645,27.25936,0.0,0,0.0,,OFF,50,0.0,0.0,SYNTHETIC_NOT_MEASURED,
2026-07-15T04:37:00+08:00,26.1514,27.26471,0.0,0,0.0,,OFF,50,0.0,0.0,SYNTHETIC_NOT_MEASURED,
2026-07-15T04:38:00+08:00,26.17916,27.27012,0.0,0,0.0,,OFF,50,0.0,0.0,SYNTHETIC_NOT_MEASURED,
2026-07-15T04:39:00+08:00,26.15224,27.27557,0.0,0,0.0,,OFF,50,0.0,0.0,SYNTHETIC_NOT_MEASURED,
2026-07-15T04:40:00+08:00,26.19142,27.28108,0.0,0,0.0,,OFF,50,0.0,0.0,SYNTHETIC_NOT_MEASURED,
2026-07-15T04:41:00+08:00,26.21935,27.28663,0.0,0,0.0,,OFF,50,0.0,0.0,SYNTHETIC_NOT_MEASURED,
2026-07-15T04:42:00+08:00,26.17865,27.29224,0.0,0,0.0,,OFF,50,0.0,0.0,SYNTHETIC_NOT_MEASURED,
2026-07-15T04:43:00+08:00,26.12877,27.29791,0.0,0,0.0,,OFF,50,0.0,0.0,SYNTHETIC_NOT_MEASURED,
2026-07-15T04:44:00+08:00,26.18363,27.30362,0.0,0,0.0,,OFF,50,0.0,0.0,SYNTHETIC_NOT_MEASURED,
2026-07-15T04:45:00+08:00,26.24205,27.30938,0.0,0,0.0,,OFF,50,0.0,0.0,SYNTHETIC_NOT_MEASURED,
2026-07-15T04:46:00+08:00,26.20236,27.3152,0.0,0,0.0,,OFF,50,0.0,0.0,SYNTHETIC_NOT_MEASURED,
2026-07-15T04:47:00+08:00,26.17211,27.32106,0.0,0,0.0,,OFF,50,0.0,0.0,SYNTHETIC_NOT_MEASURED,
2026-07-15T04:48:00+08:00,26.20621,27.32698,0.0,0,0.0,,OFF,50,0.0,0.0,SYNTHETIC_NOT_MEASURED,
2026-07-15T04:49:00+08:00,26.17134,27.33295,0.0,0,0.0,,OFF,50,0.0,0.0,SYNTHETIC_NOT_MEASURED,
2026-07-15T04:50:00+08:00,26.20005,27.33897,0.0,0,0.0,,OFF,50,0.0,0.0,SYNTHETIC_NOT_MEASURED,
2026-07-15T04:51:00+08:00,26.2258,27.34504,0.0,0,0.0,,OFF,50,0.0,0.0,SYNTHETIC_NOT_MEASURED,
2026-07-15T04:52:00+08:00,26.23327,27.35116,0.0,0,0.0,,OFF,50,0.0,0.0,SYNTHETIC_NOT_MEASURED,
2026-07-15T04:53:00+08:00,26.19069,27.35733,0.0,0,0.0,,OFF,50,0.0,0.0,SYNTHETIC_NOT_MEASURED,
2026-07-15T04:54:00+08:00,26.22687,27.36355,0.0,0,0.0,,OFF,50,0.0,0.0,SYNTHETIC_NOT_MEASURED,
2026-07-15T04:55:00+08:00,26.20502,27.36982,0.0,0,0.0,,OFF,50,0.0,0.0,SYNTHETIC_NOT_MEASURED,
2026-07-15T04:56:00+08:00,26.20003,27.37614,0.0,0,0.0,,OFF,50,0.0,0.0,SYNTHETIC_NOT_MEASURED,
2026-07-15T04:57:00+08:00,26.26566,27.38251,0.0,0,0.0,,OFF,50,0.0,0.0,SYNTHETIC_NOT_MEASURED,
2026-07-15T04:58:00+08:00,26.22265,27.38893,0.0,0,0.0,,OFF,50,0.0,0.0,SYNTHETIC_NOT_MEASURED,
2026-07-15T04:59:00+08:00,26.22147,27.3954,0.0,0,0.0,,OFF,50,0.0,0.0,SYNTHETIC_NOT_MEASURED,
2026-07-15T05:00:00+08:00,26.2214,27.40192,0.0,0,0.0,,OFF,50,0.0,0.0,SYNTHETIC_NOT_MEASURED,
2026-07-15T05:01:00+08:00,26.20349,27.40849,0.0,0,0.0,,OFF,50,0.0,0.0,SYNTHETIC_NOT_MEASURED,
2026-07-15T05:02:00+08:00,26.30334,27.41511,0.0,0,0.0,,OFF,50,0.0,0.0,SYNTHETIC_NOT_MEASURED,
2026-07-15T05:03:00+08:00,26.31867,27.42178,0.0,0,0.0,,OFF,50,0.0,0.0,SYNTHETIC_NOT_MEASURED,
2026-07-15T05:04:00+08:00,26.28056,27.4285,0.0,0,0.0,,OFF,50,0.0,0.0,SYNTHETIC_NOT_MEASURED,
2026-07-15T05:05:00+08:00,26.27942,27.43526,0.0,0,0.0,,OFF,50,0.0,0.0,SYNTHETIC_NOT_MEASURED,
2026-07-15T05:06:00+08:00,26.29181,27.44208,0.0,0,0.0,,OFF,50,0.0,0.0,SYNTHETIC_NOT_MEASURED,
2026-07-15T05:07:00+08:00,26.29081,27.44894,0.0,0,0.0,,OFF,50,0.0,0.0,SYNTHETIC_NOT_MEASURED,
2026-07-15T05:08:00+08:00,26.32063,27.45586,0.0,0,0.0,,OFF,50,0.0,0.0,SYNTHETIC_NOT_MEASURED,
2026-07-15T05:09:00+08:00,26.2881,27.46282,0.0,0,0.0,,OFF,50,0.0,0.0,SYNTHETIC_NOT_MEASURED,
2026-07-15T05:10:00+08:00,26.25698,27.46983,0.0,0,0.0,,OFF,50,0.0,0.0,SYNTHETIC_NOT_MEASURED,
2026-07-15T05:11:00+08:00,26.2595,27.47688,0.0,0,0.0,,OFF,50,0.0,0.0,SYNTHETIC_NOT_MEASURED,
2026-07-15T05:12:00+08:00,26.24528,27.48399,0.0,0,0.0,,OFF,50,0.0,0.0,SYNTHETIC_NOT_MEASURED,
2026-07-15T05:13:00+08:00,26.30945,27.49114,0.0,0,0.0,,OFF,50,0.0,0.0,SYNTHETIC_NOT_MEASURED,
2026-07-15T05:14:00+08:00,26.28759,27.49834,0.0,0,0.0,,OFF,50,0.0,0.0,SYNTHETIC_NOT_MEASURED,
2026-07-15T05:15:00+08:00,26.31329,27.50559,0.0,0,0.0,,OFF,50,0.0,0.0,SYNTHETIC_NOT_MEASURED,
2026-07-15T05:16:00+08:00,26.28503,27.51289,0.0,0,0.0,,OFF,50,0.0,0.0,SYNTHETIC_NOT_MEASURED,
2026-07-15T05:17:00+08:00,26.31173,27.52023,0.0,0,0.0,,OFF,50,0.0,0.0,SYNTHETIC_NOT_MEASURED,
2026-07-15T05:18:00+08:00,26.36446,27.52762,0.0,0,0.0,,OFF,50,0.0,0.0,SYNTHETIC_NOT_MEASURED,
2026-07-15T05:19:00+08:00,26.33699,27.53506,0.0,0,0.0,,OFF,50,0.0,0.0,SYNTHETIC_NOT_MEASURED,
2026-07-15T05:20:00+08:00,26.33146,27.54254,0.0,0,0.0,,OFF,50,0.0,0.0,SYNTHETIC_NOT_MEASURED,
2026-07-15T05:21:00+08:00,26.36666,27.55008,0.0,0,0.0,,OFF,50,0.0,0.0,SYNTHETIC_NOT_MEASURED,
2026-07-15T05:22:00+08:00,26.30658,27.55765,0.0,0,0.0,,OFF,50,0.0,0.0,SYNTHETIC_NOT_MEASURED,
2026-07-15T05:23:00+08:00,26.37991,27.56528,0.0,0,0.0,,OFF,50,0.0,0.0,SYNTHETIC_NOT_MEASURED,
2026-07-15T05:24:00+08:00,26.34304,27.57295,0.0,0,0.0,,OFF,50,0.0,0.0,SYNTHETIC_NOT_MEASURED,
2026-07-15T05:25:00+08:00,26.34153,27.58067,0.0,0,0.0,,OFF,50,0.0,0.0,SYNTHETIC_NOT_MEASURED,
2026-07-15T05:26:00+08:00,26.34886,27.58843,0.0,0,0.0,,OFF,50,0.0,0.0,SYNTHETIC_NOT_MEASURED,
2026-07-15T05:27:00+08:00,26.38492,27.59624,0.0,0,0.0,,OFF,50,0.0,0.0,SYNTHETIC_NOT_MEASURED,
2026-07-15T05:28:00+08:00,26.37447,27.60409,0.0,0,0.0,,OFF,50,0.0,0.0,SYNTHETIC_NOT_MEASURED,
2026-07-15T05:29:00+08:00,26.37854,27.61199,0.0,0,0.0,,OFF,50,0.0,0.0,SYNTHETIC_NOT_MEASURED,
2026-07-15T05:30:00+08:00,26.38024,27.61994,0.0,0,0.0,,OFF,50,0.0,0.0,SYNTHETIC_NOT_MEASURED,
2026-07-15T05:31:00+08:00,26.37822,27.62793,0.0,0,0.0,,OFF,50,0.0,0.0,SYNTHETIC_NOT_MEASURED,
2026-07-15T05:32:00+08:00,26.37597,27.63597,0.0,0,0.0,,OFF,50,0.0,0.0,SYNTHETIC_NOT_MEASURED,
2026-07-15T05:33:00+08:00,26.36509,27.64405,0.0,0,0.0,,OFF,50,0.0,0.0,SYNTHETIC_NOT_MEASURED,
2026-07-15T05:34:00+08:00,26.37448,27.65218,0.0,0,0.0,,OFF,50,0.0,0.0,SYNTHETIC_NOT_MEASURED,
2026-07-15T05:35:00+08:00,26.40339,27.66035,0.0,0,0.0,,OFF,50,0.0,0.0,SYNTHETIC_NOT_MEASURED,
2026-07-15T05:36:00+08:00,26.40098,27.66856,0.0,0,0.0,,OFF,50,0.0,0.0,SYNTHETIC_NOT_MEASURED,
2026-07-15T05:37:00+08:00,26.43458,27.67682,0.0,0,0.0,,OFF,50,0.0,0.0,SYNTHETIC_NOT_MEASURED,
2026-07-15T05:38:00+08:00,26.41077,27.68513,0.0,0,0.0,,OFF,50,0.0,0.0,SYNTHETIC_NOT_MEASURED,
2026-07-15T05:39:00+08:00,26.41914,27.69347,0.0,0,0.0,,OFF,50,0.0,0.0,SYNTHETIC_NOT_MEASURED,
2026-07-15T05:40:00+08:00,26.44756,27.70187,0.0,0,0.0,,OFF,50,0.0,0.0,SYNTHETIC_NOT_MEASURED,
2026-07-15T05:41:00+08:00,26.42785,27.7103,0.0,0,0.0,,OFF,50,0.0,0.0,SYNTHETIC_NOT_MEASURED,
2026-07-15T05:42:00+08:00,26.47653,27.71878,0.0,0,0.0,,OFF,50,0.0,0.0,SYNTHETIC_NOT_MEASURED,
2026-07-15T05:43:00+08:00,26.46444,27.72731,0.0,0,0.0,,OFF,50,0.0,0.0,SYNTHETIC_NOT_MEASURED,
2026-07-15T05:44:00+08:00,26.43436,27.73587,0.0,0,0.0,,OFF,50,0.0,0.0,SYNTHETIC_NOT_MEASURED,
2026-07-15T05:45:00+08:00,26.43889,27.74448,0.0,0,0.0,,OFF,50,0.0,0.0,SYNTHETIC_NOT_MEASURED,
2026-07-15T05:46:00+08:00,26.45128,27.75313,0.0,0,0.0,,OFF,50,0.0,0.0,SYNTHETIC_NOT_MEASURED,
2026-07-15T05:47:00+08:00,26.44698,27.76183,0.0,0,0.0,,OFF,50,0.0,0.0,SYNTHETIC_NOT_MEASURED,
2026-07-15T05:48:00+08:00,26.42383,27.77057,0.0,0,0.0,,OFF,50,0.0,0.0,SYNTHETIC_NOT_MEASURED,
2026-07-15T05:49:00+08:00,26.49731,27.77935,0.0,0,0.0,,OFF,50,0.0,0.0,SYNTHETIC_NOT_MEASURED,
2026-07-15T05:50:00+08:00,26.45288,27.78817,0.0,0,0.0,,OFF,50,0.0,0.0,SYNTHETIC_NOT_MEASURED,
2026-07-15T05:51:00+08:00,26.47521,27.79703,0.0,0,0.0,,OFF,50,0.0,0.0,SYNTHETIC_NOT_MEASURED,
2026-07-15T05:52:00+08:00,26.42798,27.80594,0.0,0,0.0,,OFF,50,0.0,0.0,SYNTHETIC_NOT_MEASURED,
2026-07-15T05:53:00+08:00,26.49318,27.81489,0.0,0,0.0,,OFF,50,0.0,0.0,SYNTHETIC_NOT_MEASURED,
2026-07-15T05:54:00+08:00,26.4803,27.82388,0.0,0,0.0,,OFF,50,0.0,0.0,SYNTHETIC_NOT_MEASURED,
2026-07-15T05:55:00+08:00,26.49963,27.83291,0.0,0,0.0,,OFF,50,0.0,0.0,SYNTHETIC_NOT_MEASURED,
2026-07-15T05:56:00+08:00,26.4773,27.84198,0.0,0,0.0,,OFF,50,0.0,0.0,SYNTHETIC_NOT_MEASURED,
2026-07-15T05:57:00+08:00,26.47416,27.85109,0.0,0,0.0,,OFF,50,0.0,0.0,SYNTHETIC_NOT_MEASURED,
2026-07-15T05:58:00+08:00,26.48838,27.86025,0.0,0,0.0,,OFF,50,0.0,0.0,SYNTHETIC_NOT_MEASURED,
2026-07-15T05:59:00+08:00,26.53137,27.86944,0.0,0,0.0,,OFF,50,0.0,0.0,SYNTHETIC_NOT_MEASURED,
2026-07-15T06:00:00+08:00,26.50544,27.87868,10.0,0,10.0,25,ON,50,32.0,40.0,SYNTHETIC_NOT_MEASURED,
2026-07-15T06:01:00+08:00,26.50824,27.88796,10.0,3.7088,10.0,25,ON,50,32.0,40.0,SYNTHETIC_NOT_MEASURED,
2026-07-15T06:02:00+08:00,26.45134,27.89727,10.0,7.4176,10.0,25,ON,50,32.0,40.0,SYNTHETIC_NOT_MEASURED,
2026-07-15T06:03:00+08:00,26.41093,27.90663,10.0,11.1262,10.0,25,ON,50,32.0,40.0,SYNTHETIC_NOT_MEASURED,
2026-07-15T06:04:00+08:00,26.36646,27.91602,10.0,14.8345,10.0,25,ON,50,32.0,40.0,SYNTHETIC_NOT_MEASURED,
2026-07-15T06:05:00+08:00,26.35578,27.92546,10.0,18.5427,10.0,25,ON,50,32.0,40.0,SYNTHETIC_NOT_MEASURED,
2026-07-15T06:06:00+08:00,26.24576,27.93494,10.0,22.2504,10.0,25,ON,50,32.0,40.0,SYNTHETIC_NOT_MEASURED,
2026-07-15T06:07:00+08:00,26.22835,27.94445,10.0,25.9577,10.0,25,ON,50,32.0,40.0,SYNTHETIC_NOT_MEASURED,
2026-07-15T06:08:00+08:00,26.19204,27.954,10.0,29.6646,10.0,25,ON,50,32.0,40.0,SYNTHETIC_NOT_MEASURED,
2026-07-15T06:09:00+08:00,26.1965,27.9636,10.0,33.3708,10.0,25,ON,50,32.0,40.0,SYNTHETIC_NOT_MEASURED,
2026-07-15T06:10:00+08:00,26.09962,27.97323,10.0,37.0765,10.0,25,ON,50,32.0,40.0,SYNTHETIC_NOT_MEASURED,
2026-07-15T06:11:00+08:00,26.09647,27.9829,10.0,40.7814,10.0,25,ON,50,32.0,40.0,SYNTHETIC_NOT_MEASURED,
2026-07-15T06:12:00+08:00,26.07638,27.99261,10.0,44.4856,10.0,25,ON,50,32.0,40.0,SYNTHETIC_NOT_MEASURED,
2026-07-15T06:13:00+08:00,26.04034,28.00236,10.0,48.1889,10.0,25,ON,50,32.0,40.0,SYNTHETIC_NOT_MEASURED,
2026-07-15T06:14:00+08:00,25.96485,28.01214,10.0,51.8913,10.0,25,ON,50,32.0,40.0,SYNTHETIC_NOT_MEASURED,
2026-07-15T06:15:00+08:00,25.96443,28.02196,10.0,55.5927,10.0,25,ON,50,32.0,40.0,SYNTHETIC_NOT_MEASURED,
2026-07-15T06:16:00+08:00,25.93931,28.03182,10.0,59.293,10.0,25,ON,50,32.0,40.0,SYNTHETIC_NOT_MEASURED,
2026-07-15T06:17:00+08:00,25.8584,28.04172,10.0,62.9922,10.0,25,ON,50,32.0,40.0,SYNTHETIC_NOT_MEASURED,
2026-07-15T06:18:00+08:00,25.8757,28.05166,10.0,66.6902,10.0,25,ON,50,32.0,40.0,SYNTHETIC_NOT_MEASURED,
2026-07-15T06:19:00+08:00,25.81548,28.06163,10.0,70.387,10.0,25,ON,50,32.0,40.0,SYNTHETIC_NOT_MEASURED,
2026-07-15T06:20:00+08:00,25.76105,28.07164,10.0,74.0824,10.0,25,ON,50,32.0,40.0,SYNTHETIC_NOT_MEASURED,
2026-07-15T06:21:00+08:00,25.72577,28.08168,10.0,77.7764,10.0,25,ON,50,32.0,40.0,SYNTHETIC_NOT_MEASURED,
2026-07-15T06:22:00+08:00,25.67656,28.09177,10.0,81.4689,10.0,25,ON,50,32.0,40.0,SYNTHETIC_NOT_MEASURED,
2026-07-15T06:23:00+08:00,25.63284,28.10188,10.0,85.1599,10.0,25,ON,50,32.0,40.0,SYNTHETIC_NOT_MEASURED,
2026-07-15T06:24:00+08:00,25.61458,28.11204,10.0,88.8492,10.0,25,ON,50,32.0,40.0,SYNTHETIC_NOT_MEASURED,
2026-07-15T06:25:00+08:00,25.57899,28.12223,10.0,92.5368,10.0,25,ON,50,32.0,40.0,SYNTHETIC_NOT_MEASURED,
2026-07-15T06:26:00+08:00,25.52425,28.13246,10.0,96.2227,10.0,25,ON,50,32.0,40.0,SYNTHETIC_NOT_MEASURED,
2026-07-15T06:27:00+08:00,25.53969,28.14272,10.0,99.9068,10.0,25,ON,50,32.0,40.0,SYNTHETIC_NOT_MEASURED,
2026-07-15T06:28:00+08:00,25.47133,28.15302,10.0,103.5889,10.0,25,ON,50,32.0,40.0,SYNTHETIC_NOT_MEASURED,
2026-07-15T06:29:00+08:00,25.45435,28.16335,10.0,107.2691,10.0,25,ON,50,32.0,40.0,SYNTHETIC_NOT_MEASURED,
2026-07-15T06:30:00+08:00,25.42671,28.17372,10.0,110.9473,10.0,25,ON,50,32.0,40.0,SYNTHETIC_NOT_MEASURED,
2026-07-15T06:31:00+08:00,25.33771,28.18412,10.0,114.6233,10.0,25,ON,50,32.0,40.0,SYNTHETIC_NOT_MEASURED,
2026-07-15T06:32:00+08:00,25.34613,28.19455,10.0,118.2971,10.0,25,ON,50,32.0,40.0,SYNTHETIC_NOT_MEASURED,
2026-07-15T06:33:00+08:00,25.30253,28.20503,10.0,121.9687,10.0,25,ON,50,32.0,40.0,SYNTHETIC_NOT_MEASURED,
2026-07-15T06:34:00+08:00,25.22449,28.21553,10.0,125.638,10.0,25,ON,50,32.0,40.0,SYNTHETIC_NOT_MEASURED,
2026-07-15T06:35:00+08:00,25.25459,28.22607,10.0,129.3049,10.0,25,ON,50,32.0,40.0,SYNTHETIC_NOT_MEASURED,
2026-07-15T06:36:00+08:00,25.19619,28.23664,10.0,132.9693,10.0,25,ON,50,32.0,40.0,SYNTHETIC_NOT_MEASURED,
2026-07-15T06:37:00+08:00,25.15083,28.24725,10.0,136.6312,10.0,25,ON,50,32.0,40.0,SYNTHETIC_NOT_MEASURED,
2026-07-15T06:38:00+08:00,25.15484,28.25789,10.0,140.2905,10.0,25,ON,50,32.0,40.0,SYNTHETIC_NOT_MEASURED,
2026-07-15T06:39:00+08:00,25.06607,28.26856,10.0,143.9471,10.0,25,ON,50,32.0,40.0,SYNTHETIC_NOT_MEASURED,
2026-07-15T06:40:00+08:00,25.05692,28.27927,10.0,147.601,10.0,25,ON,50,32.0,40.0,SYNTHETIC_NOT_MEASURED,
2026-07-15T06:41:00+08:00,25.00027,28.29001,4.694034,151.252,4.694034,25,ON,50,15.020909,18.776136,SYNTHETIC_NOT_MEASURED,
2026-07-15T06:42:00+08:00,25.02569,28.30078,2.333163,154.9002,2.333163,25,ON,50,7.466121,9.332651,SYNTHETIC_NOT_MEASURED,
2026-07-15T06:43:00+08:00,24.98928,28.31159,2.342719,158.5454,2.342719,25,ON,50,7.4967,9.370875,SYNTHETIC_NOT_MEASURED,
2026-07-15T06:44:00+08:00,25.00905,28.32242,2.35229,162.1876,2.35229,25,ON,50,7.527329,9.409161,SYNTHETIC_NOT_MEASURED,
2026-07-15T06:45:00+08:00,25.02281,28.33329,2.361877,165.8268,2.361877,25,ON,50,7.558006,9.447508,SYNTHETIC_NOT_MEASURED,
2026-07-15T06:46:00+08:00,24.9656,28.34419,2.371479,169.4627,2.371479,25,ON,50,7.588732,9.485915,SYNTHETIC_NOT_MEASURED,
2026-07-15T06:47:00+08:00,24.98192,28.35512,2.381095,173.0955,2.381095,25,ON,50,7.619505,9.524382,SYNTHETIC_NOT_MEASURED,
2026-07-15T06:48:00+08:00,24.99331,28.36608,2.390727,176.7249,2.390727,25,ON,50,7.650326,9.562907,SYNTHETIC_NOT_MEASURED,
2026-07-15T06:49:00+08:00,25.01471,28.37708,2.400373,180.351,2.400373,25,ON,50,7.681192,9.60149,SYNTHETIC_NOT_MEASURED,
2026-07-15T06:50:00+08:00,24.9842,28.3881,2.410033,183.9737,2.410033,25,ON,50,7.712105,9.640131,SYNTHETIC_NOT_MEASURED,
2026-07-15T06:51:00+08:00,24.98508,28.39916,2.419707,187.5928,2.419707,25,ON,50,7.743063,9.678829,SYNTHETIC_NOT_MEASURED,
2026-07-15T06:52:00+08:00,25.02419,28.41024,2.429395,191.2084,2.429395,25,ON,50,7.774066,9.717582,SYNTHETIC_NOT_MEASURED,
2026-07-15T06:53:00+08:00,25.07337,28.42136,2.439098,194.8203,2.439098,25,ON,50,7.805112,9.75639,SYNTHETIC_NOT_MEASURED,
2026-07-15T06:54:00+08:00,24.99981,28.4325,2.448813,198.4286,2.448813,25,ON,50,7.836203,9.795253,SYNTHETIC_NOT_MEASURED,
2026-07-15T06:55:00+08:00,24.95697,28.44368,2.458542,202.033,2.458542,25,ON,50,7.867336,9.83417,SYNTHETIC_NOT_MEASURED,
2026-07-15T06:56:00+08:00,24.98693,28.45489,2.468285,205.6336,2.468285,25,ON,50,7.898511,9.873139,SYNTHETIC_NOT_MEASURED,
2026-07-15T06:57:00+08:00,25.04958,28.46612,2.47804,209.2303,2.47804,25,ON,50,7.929729,9.912161,SYNTHETIC_NOT_MEASURED,
2026-07-15T06:58:00+08:00,24.98467,28.47738,2.487808,212.823,2.487808,25,ON,50,7.960987,9.951234,SYNTHETIC_NOT_MEASURED,
2026-07-15T06:59:00+08:00,24.99705,28.48868,2.497589,216.4117,2.497589,25,ON,50,7.992286,9.990358,SYNTHETIC_NOT_MEASURED,
2026-07-15T07:00:00+08:00,24.98837,28.5,2.507383,219.9962,2.507383,25,ON,50,8.023625,10.029531,SYNTHETIC_NOT_MEASURED,
2026-07-15T07:01:00+08:00,25.02057,28.51135,2.517189,223.5765,2.517189,25,ON,50,8.055003,10.068754,SYNTHETIC_NOT_MEASURED,
2026-07-15T07:02:00+08:00,24.99129,28.52273,2.527006,227.1526,2.527006,25,ON,50,8.08642,10.108025,SYNTHETIC_NOT_MEASURED,
2026-07-15T07:03:00+08:00,24.97748,28.53414,2.536836,230.7244,2.536836,25,ON,50,8.117875,10.147344,SYNTHETIC_NOT_MEASURED,
2026-07-15T07:04:00+08:00,24.98487,28.54557,2.546678,234.2918,2.546678,25,ON,50,8.149368,10.18671,SYNTHETIC_NOT_MEASURED,
2026-07-15T07:05:00+08:00,25.00017,28.55703,2.556531,237.8547,2.556531,25,ON,50,8.180898,10.226122,SYNTHETIC_NOT_MEASURED,
2026-07-15T07:06:00+08:00,24.97471,28.56852,2.566395,241.413,2.566395,25,ON,50,8.212464,10.26558,SYNTHETIC_NOT_MEASURED,
2026-07-15T07:07:00+08:00,25.00603,28.58004,2.576271,244.9668,2.576271,25,ON,50,8.244066,10.305082,SYNTHETIC_NOT_MEASURED,
2026-07-15T07:08:00+08:00,25.0041,28.59159,2.586157,248.5159,2.586157,25,ON,50,8.275703,10.344629,SYNTHETIC_NOT_MEASURED,
2026-07-15T07:09:00+08:00,25.00157,28.60316,2.596055,252.0603,2.596055,25,ON,50,8.307375,10.384218,SYNTHETIC_NOT_MEASURED,
2026-07-15T07:10:00+08:00,24.99147,28.61475,2.605963,255.5999,2.605963,25,ON,50,8.33908,10.42385,SYNTHETIC_NOT_MEASURED,
2026-07-15T07:11:00+08:00,24.98338,28.62638,2.615881,259.1347,2.615881,25,ON,50,8.370819,10.463524,SYNTHETIC_NOT_MEASURED,
2026-07-15T07:12:00+08:00,25.00228,28.63803,2.62581,262.6644,2.62581,25,ON,50,8.402591,10.503238,SYNTHETIC_NOT_MEASURED,
2026-07-15T07:13:00+08:00,24.97045,28.6497,2.635748,266.1892,2.635748,25,ON,50,8.434394,10.542993,SYNTHETIC_NOT_MEASURED,
2026-07-15T07:14:00+08:00,25.00833,28.66141,2.645697,269.709,2.645697,25,ON,50,8.46623,10.582787,SYNTHETIC_NOT_MEASURED,
2026-07-15T07:15:00+08:00,24.96907,28.67313,2.655655,273.2235,2.655655,25,ON,50,8.498096,10.62262,SYNTHETIC_NOT_MEASURED,
2026-07-15T07:16:00+08:00,25.02443,28.68489,2.665623,276.7329,2.665623,25,ON,50,8.529993,10.662491,SYNTHETIC_NOT_MEASURED,
2026-07-15T07:17:00+08:00,25.03209,28.69666,2.6756,280.237,2.6756,25,ON,50,8.561919,10.702399,SYNTHETIC_NOT_MEASURED,
2026-07-15T07:18:00+08:00,25.01281,28.70847,2.685586,283.7358,2.685586,25,ON,50,8.593874,10.742343,SYNTHETIC_NOT_MEASURED,
2026-07-15T07:19:00+08:00,24.99141,28.72029,2.695581,287.2292,2.695581,25,ON,50,8.625858,10.782323,SYNTHETIC_NOT_MEASURED,
2026-07-15T07:20:00+08:00,24.99528,28.73215,2.705584,290.7171,2.705584,25,ON,50,8.65787,10.822337,SYNTHETIC_NOT_MEASURED,
2026-07-15T07:21:00+08:00,24.99695,28.74402,2.715597,294.1995,2.715597,25,ON,50,8.689909,10.862386,SYNTHETIC_NOT_MEASURED,
2026-07-15T07:22:00+08:00,25.01896,28.75592,2.725617,297.6763,2.725617,25,ON,50,8.721975,10.902468,SYNTHETIC_NOT_MEASURED,
2026-07-15T07:23:00+08:00,25.01005,28.76784,2.735646,301.1474,2.735646,25,ON,50,8.754067,10.942583,SYNTHETIC_NOT_MEASURED,
2026-07-15T07:24:00+08:00,25.00833,28.77979,2.745682,304.6128,2.745682,25,ON,50,8.786184,10.98273,SYNTHETIC_NOT_MEASURED,
2026-07-15T07:25:00+08:00,24.99889,28.79176,2.755727,308.0723,2.755727,25,ON,50,8.818326,11.022907,SYNTHETIC_NOT_MEASURED,
2026-07-15T07:26:00+08:00,24.98156,28.80375,2.765779,311.526,2.765779,25,ON,50,8.850492,11.063115,SYNTHETIC_NOT_MEASURED,
2026-07-15T07:27:00+08:00,25.00416,28.81577,2.775838,314.9738,2.775838,25,ON,50,8.882682,11.103353,SYNTHETIC_NOT_MEASURED,
2026-07-15T07:28:00+08:00,25.03913,28.82781,2.785905,318.4156,2.785905,25,ON,50,8.914895,11.143619,SYNTHETIC_NOT_MEASURED,
2026-07-15T07:29:00+08:00,24.9638,28.83987,2.795978,321.8513,2.795978,25,ON,50,8.947131,11.183913,SYNTHETIC_NOT_MEASURED,
2026-07-15T07:30:00+08:00,25.00049,28.85195,2.806059,325.2809,2.806059,25,ON,50,8.979388,11.224235,SYNTHETIC_NOT_MEASURED,
2026-07-15T07:31:00+08:00,24.9419,28.86405,2.816146,328.7043,2.816146,25,ON,50,9.011666,11.264582,SYNTHETIC_NOT_MEASURED,
2026-07-15T07:32:00+08:00,25.00867,28.87618,2.826239,332.1215,2.826239,25,ON,50,9.043965,11.304956,SYNTHETIC_NOT_MEASURED,
2026-07-15T07:33:00+08:00,24.98956,28.88833,2.836339,335.5323,2.836339,25,ON,50,9.076284,11.345354,SYNTHETIC_NOT_MEASURED,
2026-07-15T07:34:00+08:00,24.98803,28.9005,2.846444,338.9367,2.846444,25,ON,50,9.108622,11.385777,SYNTHETIC_NOT_MEASURED,
2026-07-15T07:35:00+08:00,25.03947,28.91269,2.856556,342.3347,2.856556,25,ON,50,9.140978,11.426223,SYNTHETIC_NOT_MEASURED,
2026-07-15T07:36:00+08:00,25.01036,28.9249,2.866673,345.7261,2.866673,25,ON,50,9.173353,11.466692,SYNTHETIC_NOT_MEASURED,
2026-07-15T07:37:00+08:00,24.98644,28.93713,2.876795,349.111,2.876795,25,ON,50,9.205746,11.507182,SYNTHETIC_NOT_MEASURED,
2026-07-15T07:38:00+08:00,25.01947,28.94938,2.886923,352.4893,2.886923,25,ON,50,9.238155,11.547693,SYNTHETIC_NOT_MEASURED,
2026-07-15T07:39:00+08:00,24.98475,28.96165,2.897056,355.8608,2.897056,25,ON,50,9.27058,11.588225,SYNTHETIC_NOT_MEASURED,
2026-07-15T07:40:00+08:00,25.01389,28.97394,2.907194,359.2255,2.907194,25,ON,50,9.303021,11.628777,SYNTHETIC_NOT_MEASURED,
2026-07-15T07:41:00+08:00,25.04219,28.98625,2.917337,362.5834,2.917337,25,ON,50,9.335477,11.669347,SYNTHETIC_NOT_MEASURED,
2026-07-15T07:42:00+08:00,25.0378,28.99858,2.927484,365.9344,2.927484,25,ON,50,9.367948,11.709935,SYNTHETIC_NOT_MEASURED,
2026-07-15T07:43:00+08:00,24.99015,29.01093,2.937635,369.2785,2.937635,25,ON,50,9.400432,11.75054,SYNTHETIC_NOT_MEASURED,
2026-07-15T07:44:00+08:00,24.97396,29.0233,2.94779,372.6155,2.94779,25,ON,50,9.432929,11.791162,SYNTHETIC_NOT_MEASURED,
2026-07-15T07:45:00+08:00,24.9843,29.03568,2.95795,375.9454,2.95795,25,ON,50,9.465439,11.831799,SYNTHETIC_NOT_MEASURED,
2026-07-15T07:46:00+08:00,25.02555,29.04809,2.968113,379.2681,2.968113,25,ON,50,9.497961,11.872451,SYNTHETIC_NOT_MEASURED,
2026-07-15T07:47:00+08:00,24.96886,29.06051,2.978279,382.5837,2.978279,25,ON,50,9.530494,11.913117,SYNTHETIC_NOT_MEASURED,
2026-07-15T07:48:00+08:00,25.01554,29.07295,2.988449,385.8919,2.988449,25,ON,50,9.563038,11.953797,SYNTHETIC_NOT_MEASURED,
2026-07-15T07:49:00+08:00,25.0044,29.08541,2.998622,389.1928,2.998622,25,ON,50,9.595591,11.994489,SYNTHETIC_NOT_MEASURED,
2026-07-15T07:50:00+08:00,24.95979,29.09788,3.008798,392.4863,3.008798,25,ON,50,9.628155,12.035193,SYNTHETIC_NOT_MEASURED,
2026-07-15T07:51:00+08:00,25.00215,29.11038,3.018977,395.7723,3.018977,25,ON,50,9.660727,12.075908,SYNTHETIC_NOT_MEASURED,
2026-07-15T07:52:00+08:00,24.99081,29.12288,3.029158,399.0508,3.029158,25,ON,50,9.693307,12.116634,SYNTHETIC_NOT_MEASURED,
2026-07-15T07:53:00+08:00,25.02671,29.13541,3.039342,402.3217,3.039342,25,ON,50,9.725895,12.157368,SYNTHETIC_NOT_MEASURED,
2026-07-15T07:54:00+08:00,25.01366,29.14795,3.049528,405.5849,3.049528,25,ON,50,9.758489,12.198112,SYNTHETIC_NOT_MEASURED,
2026-07-15T07:55:00+08:00,24.99308,29.16051,3.059716,408.8405,3.059716,25,ON,50,9.79109,12.238863,SYNTHETIC_NOT_MEASURED,
2026-07-15T07:56:00+08:00,25.01914,29.17309,3.069905,412.0882,3.069905,25,ON,50,9.823697,12.279621,SYNTHETIC_NOT_MEASURED,
2026-07-15T07:57:00+08:00,25.02272,29.18568,3.080097,415.3281,3.080097,25,ON,50,9.856309,12.320386,SYNTHETIC_NOT_MEASURED,
2026-07-15T07:58:00+08:00,25.05564,29.19828,3.090289,418.56,3.090289,25,ON,50,9.888925,12.361157,SYNTHETIC_NOT_MEASURED,
2026-07-15T07:59:00+08:00,24.97688,29.21091,3.100483,421.784,3.100483,25,ON,50,9.921545,12.401932,SYNTHETIC_NOT_MEASURED,
2026-07-15T08:00:00+08:00,24.97514,29.22354,0.0,425.0,0.0,27,ON,50,0.0,0.0,SYNTHETIC_NOT_MEASURED,
2026-07-15T08:01:00+08:00,24.9992,29.23619,0.0,428.2079,0.0,27,ON,50,0.0,0.0,SYNTHETIC_NOT_MEASURED,
2026-07-15T08:02:00+08:00,25.01092,29.24886,0.0,431.4076,0.0,27,ON,50,0.0,0.0,SYNTHETIC_NOT_MEASURED,
2026-07-15T08:03:00+08:00,25.0536,29.26154,0.0,434.5991,0.0,27,ON,50,0.0,0.0,SYNTHETIC_NOT_MEASURED,
2026-07-15T08:04:00+08:00,25.07461,29.27423,0.0,437.7824,0.0,27,ON,50,0.0,0.0,SYNTHETIC_NOT_MEASURED,
2026-07-15T08:05:00+08:00,25.07935,29.28694,0.0,440.9573,0.0,27,ON,50,0.0,0.0,SYNTHETIC_NOT_MEASURED,
2026-07-15T08:06:00+08:00,25.05341,29.29966,0.0,444.1238,0.0,27,ON,50,0.0,0.0,SYNTHETIC_NOT_MEASURED,
2026-07-15T08:07:00+08:00,25.08742,29.3124,0.0,447.2818,0.0,27,ON,50,0.0,0.0,SYNTHETIC_NOT_MEASURED,
2026-07-15T08:08:00+08:00,25.12035,29.32515,0.0,450.4314,0.0,27,ON,50,0.0,0.0,SYNTHETIC_NOT_MEASURED,
2026-07-15T08:09:00+08:00,25.13169,29.33791,0.0,453.5723,0.0,27,ON,50,0.0,0.0,SYNTHETIC_NOT_MEASURED,
2026-07-15T08:10:00+08:00,25.13628,29.35068,0.0,456.7047,0.0,27,ON,50,0.0,0.0,SYNTHETIC_NOT_MEASURED,
2026-07-15T08:11:00+08:00,25.16918,29.36347,0.0,459.8283,0.0,27,ON,50,0.0,0.0,SYNTHETIC_NOT_MEASURED,
2026-07-15T08:12:00+08:00,25.17526,29.37626,0.0,462.9432,0.0,27,ON,50,0.0,0.0,SYNTHETIC_NOT_MEASURED,
2026-07-15T08:13:00+08:00,25.17571,29.38907,0.0,466.0492,0.0,27,ON,50,0.0,0.0,SYNTHETIC_NOT_MEASURED,
2026-07-15T08:14:00+08:00,25.19805,29.4019,0.0,469.1464,0.0,27,ON,50,0.0,0.0,SYNTHETIC_NOT_MEASURED,
2026-07-15T08:15:00+08:00,25.19907,29.41473,0.0,472.2347,0.0,27,ON,50,0.0,0.0,SYNTHETIC_NOT_MEASURED,
2026-07-15T08:16:00+08:00,25.22641,29.42757,0.0,475.314,0.0,27,ON,50,0.0,0.0,SYNTHETIC_NOT_MEASURED,
2026-07-15T08:17:00+08:00,25.24423,29.44043,0.0,478.3842,0.0,27,ON,50,0.0,0.0,SYNTHETIC_NOT_MEASURED,
2026-07-15T08:18:00+08:00,25.21859,29.45329,0.0,481.4453,0.0,27,ON,50,0.0,0.0,SYNTHETIC_NOT_MEASURED,
2026-07-15T08:19:00+08:00,25.25683,29.46617,0.0,484.4972,0.0,27,ON,50,0.0,0.0,SYNTHETIC_NOT_MEASURED,
2026-07-15T08:20:00+08:00,25.27413,29.47906,0.0,487.54,0.0,27,ON,50,0.0,0.0,SYNTHETIC_NOT_MEASURED,
2026-07-15T08:21:00+08:00,25.28022,29.49195,0.0,490.5734,0.0,27,ON,50,0.0,0.0,SYNTHETIC_NOT_MEASURED,
2026-07-15T08:22:00+08:00,25.3039,29.50486,0.0,493.5975,0.0,27,ON,50,0.0,0.0,SYNTHETIC_NOT_MEASURED,
2026-07-15T08:23:00+08:00,25.3384,29.51777,0.0,496.6122,0.0,27,ON,50,0.0,0.0,SYNTHETIC_NOT_MEASURED,
2026-07-15T08:24:00+08:00,25.35601,29.5307,0.0,499.6175,0.0,27,ON,50,0.0,0.0,SYNTHETIC_NOT_MEASURED,
2026-07-15T08:25:00+08:00,25.32964,29.54363,0.0,502.6132,0.0,27,ON,50,0.0,0.0,SYNTHETIC_NOT_MEASURED,
2026-07-15T08:26:00+08:00,25.35484,29.55657,0.0,505.5994,0.0,27,ON,50,0.0,0.0,SYNTHETIC_NOT_MEASURED,
2026-07-15T08:27:00+08:00,25.36569,29.56952,0.0,508.5759,0.0,27,ON,50,0.0,0.0,SYNTHETIC_NOT_MEASURED,
2026-07-15T08:28:00+08:00,25.39065,29.58248,0.0,511.5428,0.0,27,ON,50,0.0,0.0,SYNTHETIC_NOT_MEASURED,
2026-07-15T08:29:00+08:00,25.4722,29.59545,0.0,514.4999,0.0,27,ON,50,0.0,0.0,SYNTHETIC_NOT_MEASURED,
2026-07-15T08:30:00+08:00,25.41041,29.60842,0.0,517.4472,0.0,27,ON,50,0.0,0.0,SYNTHETIC_NOT_MEASURED,
2026-07-15T08:31:00+08:00,25.39139,29.6214,0.0,520.3847,0.0,27,ON,50,0.0,0.0,SYNTHETIC_NOT_MEASURED,
2026-07-15T08:32:00+08:00,25.45189,29.63439,0.0,523.3123,0.0,27,ON,50,0.0,0.0,SYNTHETIC_NOT_MEASURED,
2026-07-15T08:33:00+08:00,25.4716,29.64739,0.0,526.2299,0.0,27,ON,50,0.0,0.0,SYNTHETIC_NOT_MEASURED,
2026-07-15T08:34:00+08:00,25.46783,29.66039,0.0,529.1374,0.0,27,ON,50,0.0,0.0,SYNTHETIC_NOT_MEASURED,
2026-07-15T08:35:00+08:00,25.49008,29.6734,0.0,532.035,0.0,27,ON,50,0.0,0.0,SYNTHETIC_NOT_MEASURED,
2026-07-15T08:36:00+08:00,25.5247,29.68641,0.0,534.9223,0.0,27,ON,50,0.0,0.0,SYNTHETIC_NOT_MEASURED,
2026-07-15T08:37:00+08:00,25.5393,29.69944,0.0,537.7995,0.0,27,ON,50,0.0,0.0,SYNTHETIC_NOT_MEASURED,
2026-07-15T08:38:00+08:00,25.47289,29.71246,0.0,540.6665,0.0,27,ON,50,0.0,0.0,SYNTHETIC_NOT_MEASURED,
2026-07-15T08:39:00+08:00,25.51414,29.7255,0.0,543.5232,0.0,27,ON,50,0.0,0.0,SYNTHETIC_NOT_MEASURED,
2026-07-15T08:40:00+08:00,25.52113,29.73853,0.0,546.3695,0.0,27,ON,50,0.0,0.0,SYNTHETIC_NOT_MEASURED,
2026-07-15T08:41:00+08:00,25.54529,29.75158,0.0,549.2054,0.0,27,ON,50,0.0,0.0,SYNTHETIC_NOT_MEASURED,
2026-07-15T08:42:00+08:00,25.60227,29.76462,0.0,552.0308,0.0,27,ON,50,0.0,0.0,SYNTHETIC_NOT_MEASURED,
2026-07-15T08:43:00+08:00,25.59639,29.77767,0.0,554.8458,0.0,27,ON,50,0.0,0.0,SYNTHETIC_NOT_MEASURED,
2026-07-15T08:44:00+08:00,25.58981,29.79073,0.0,557.6502,0.0,27,ON,50,0.0,0.0,SYNTHETIC_NOT_MEASURED,
2026-07-15T08:45:00+08:00,25.65825,29.80379,0.0,560.4439,0.0,27,ON,50,0.0,0.0,SYNTHETIC_NOT_MEASURED,
2026-07-15T08:46:00+08:00,25.64831,29.81685,0.0,563.227,0.0,27,ON,50,0.0,0.0,SYNTHETIC_NOT_MEASURED,
2026-07-15T08:47:00+08:00,25.62761,29.82992,0.0,565.9994,0.0,27,ON,50,0.0,0.0,SYNTHETIC_NOT_MEASURED,
2026-07-15T08:48:00+08:00,25.69071,29.84299,0.0,568.761,0.0,27,ON,50,0.0,0.0,SYNTHETIC_NOT_MEASURED,
2026-07-15T08:49:00+08:00,25.71795,29.85607,0.0,571.5118,0.0,27,ON,50,0.0,0.0,SYNTHETIC_NOT_MEASURED,
2026-07-15T08:50:00+08:00,25.70245,29.86914,0.0,574.2517,0.0,27,ON,50,0.0,0.0,SYNTHETIC_NOT_MEASURED,
2026-07-15T08:51:00+08:00,25.71652,29.88222,0.0,576.9806,0.0,27,ON,50,0.0,0.0,SYNTHETIC_NOT_MEASURED,
2026-07-15T08:52:00+08:00,25.72926,29.8953,0.0,579.6986,0.0,27,ON,50,0.0,0.0,SYNTHETIC_NOT_MEASURED,
2026-07-15T08:53:00+08:00,25.72666,29.90838,0.0,582.4055,0.0,27,ON,50,0.0,0.0,SYNTHETIC_NOT_MEASURED,
2026-07-15T08:54:00+08:00,25.73067,29.92147,0.0,585.1014,0.0,27,ON,50,0.0,0.0,SYNTHETIC_NOT_MEASURED,
2026-07-15T08:55:00+08:00,25.7469,29.93456,0.0,587.7861,0.0,27,ON,50,0.0,0.0,SYNTHETIC_NOT_MEASURED,
2026-07-15T08:56:00+08:00,25.76164,29.94764,0.0,590.4596,0.0,27,ON,50,0.0,0.0,SYNTHETIC_NOT_MEASURED,
2026-07-15T08:57:00+08:00,25.76463,29.96073,0.0,593.1219,0.0,27,ON,50,0.0,0.0,SYNTHETIC_NOT_MEASURED,
2026-07-15T08:58:00+08:00,25.82608,29.97382,0.0,595.7729,0.0,27,ON,50,0.0,0.0,SYNTHETIC_NOT_MEASURED,
2026-07-15T08:59:00+08:00,25.81945,29.98691,0.0,598.4125,0.0,27,ON,50,0.0,0.0,SYNTHETIC_NOT_MEASURED,
2026-07-15T09:00:00+08:00,25.81199,30.0,10.0,601.0408,10.0,25,ON,50,32.0,40.0,SYNTHETIC_NOT_MEASURED,
2026-07-15T09:01:00+08:00,25.83493,30.01309,10.0,603.6576,10.0,25,ON,50,32.0,40.0,SYNTHETIC_NOT_MEASURED,
2026-07-15T09:02:00+08:00,25.78966,30.02618,10.0,606.2629,10.0,25,ON,50,32.0,40.0,SYNTHETIC_NOT_MEASURED,
2026-07-15T09:03:00+08:00,25.77857,30.03927,10.0,608.8567,10.0,25,ON,50,32.0,40.0,SYNTHETIC_NOT_MEASURED,
2026-07-15T09:04:00+08:00,25.70295,30.05236,10.0,611.4388,10.0,25,ON,50,32.0,40.0,SYNTHETIC_NOT_MEASURED,
2026-07-15T09:05:00+08:00,25.70773,30.06544,10.0,614.0094,10.0,25,ON,50,32.0,40.0,SYNTHETIC_NOT_MEASURED,
2026-07-15T09:06:00+08:00,25.7066,30.07853,10.0,616.5682,10.0,25,ON,50,32.0,40.0,SYNTHETIC_NOT_MEASURED,
2026-07-15T09:07:00+08:00,25.62433,30.09162,10.0,619.1153,10.0,25,ON,50,32.0,40.0,SYNTHETIC_NOT_MEASURED,
2026-07-15T09:08:00+08:00,25.59086,30.1047,10.0,621.6506,10.0,25,ON,50,32.0,40.0,SYNTHETIC_NOT_MEASURED,
2026-07-15T09:09:00+08:00,25.5823,30.11778,10.0,624.1741,10.0,25,ON,50,32.0,40.0,SYNTHETIC_NOT_MEASURED,
2026-07-15T09:10:00+08:00,25.54283,30.13086,10.0,626.6857,10.0,25,ON,50,32.0,40.0,SYNTHETIC_NOT_MEASURED,
2026-07-15T09:11:00+08:00,25.54389,30.14393,10.0,629.1854,10.0,25,ON,50,32.0,40.0,SYNTHETIC_NOT_MEASURED,
2026-07-15T09:12:00+08:00,25.48218,30.15701,10.0,631.6731,10.0,25,ON,50,32.0,40.0,SYNTHETIC_NOT_MEASURED,
2026-07-15T09:13:00+08:00,25.46493,30.17008,10.0,634.1488,10.0,25,ON,50,32.0,40.0,SYNTHETIC_NOT_MEASURED,
2026-07-15T09:14:00+08:00,25.45834,30.18315,10.0,636.6124,10.0,25,ON,50,32.0,40.0,SYNTHETIC_NOT_MEASURED,
2026-07-15T09:15:00+08:00,25.4206,30.19621,10.0,639.0638,10.0,25,ON,50,32.0,40.0,SYNTHETIC_NOT_MEASURED,
2026-07-15T09:16:00+08:00,25.36238,30.20927,10.0,641.5031,10.0,25,ON,50,32.0,40.0,SYNTHETIC_NOT_MEASURED,
2026-07-15T09:17:00+08:00,25.34189,30.22233,10.0,643.9302,10.0,25,ON,50,32.0,40.0,SYNTHETIC_NOT_MEASURED,
2026-07-15T09:18:00+08:00,25.36999,30.23538,10.0,646.3451,10.0,25,ON,50,32.0,40.0,SYNTHETIC_NOT_MEASURED,
2026-07-15T09:19:00+08:00,25.31367,30.24842,10.0,648.7476,10.0,25,ON,50,32.0,40.0,SYNTHETIC_NOT_MEASURED,
2026-07-15T09:20:00+08:00,25.24444,30.26147,10.0,651.1378,10.0,25,ON,50,32.0,40.0,SYNTHETIC_NOT_MEASURED,
2026-07-15T09:21:00+08:00,25.24531,30.2745,10.0,653.5156,10.0,25,ON,50,32.0,40.0,SYNTHETIC_NOT_MEASURED,
2026-07-15T09:22:00+08:00,25.17821,30.28754,10.0,655.8809,10.0,25,ON,50,32.0,40.0,SYNTHETIC_NOT_MEASURED,
2026-07-15T09:23:00+08:00,25.18016,30.30056,10.0,658.2337,10.0,25,ON,50,32.0,40.0,SYNTHETIC_NOT_MEASURED,
2026-07-15T09:24:00+08:00,25.17143,30.31359,10.0,660.5741,10.0,25,ON,50,32.0,40.0,SYNTHETIC_NOT_MEASURED,
2026-07-15T09:25:00+08:00,25.10696,30.3266,10.0,662.9018,10.0,25,ON,50,32.0,40.0,SYNTHETIC_NOT_MEASURED,
2026-07-15T09:26:00+08:00,25.14573,30.33961,10.0,665.2169,10.0,25,ON,50,32.0,40.0,SYNTHETIC_NOT_MEASURED,
2026-07-15T09:27:00+08:00,25.07375,30.35261,10.0,667.5194,10.0,25,ON,50,32.0,40.0,SYNTHETIC_NOT_MEASURED,
2026-07-15T09:28:00+08:00,25.06789,30.36561,10.0,669.8091,10.0,25,ON,50,32.0,40.0,SYNTHETIC_NOT_MEASURED,
2026-07-15T09:29:00+08:00,24.95827,30.3786,9.026781,672.0861,9.026781,25,ON,50,28.885698,36.107123,SYNTHETIC_NOT_MEASURED,
2026-07-15T09:30:00+08:00,24.98841,30.39158,4.0081,674.3503,4.0081,25,ON,50,12.825921,16.032401,SYNTHETIC_NOT_MEASURED,
2026-07-15T09:31:00+08:00,25.01434,30.40455,4.017583,676.6017,4.017583,25,ON,50,12.856265,16.070331,SYNTHETIC_NOT_MEASURED,
2026-07-15T09:32:00+08:00,24.98108,30.41752,4.027049,678.8402,4.027049,25,ON,50,12.886556,16.108195,SYNTHETIC_NOT_MEASURED,
2026-07-15T09:33:00+08:00,25.0249,30.43048,4.036498,681.0657,4.036498,25,ON,50,12.916793,16.145992,SYNTHETIC_NOT_MEASURED,
2026-07-15T09:34:00+08:00,24.99025,30.44343,4.04593,683.2783,4.04593,25,ON,50,12.946977,16.183722,SYNTHETIC_NOT_MEASURED,
2026-07-15T09:35:00+08:00,25.05305,30.45637,4.055346,685.4779,4.055346,25,ON,50,12.977107,16.221383,SYNTHETIC_NOT_MEASURED,
2026-07-15T09:36:00+08:00,24.99785,30.4693,4.064744,687.6644,4.064744,25,ON,50,13.007181,16.258977,SYNTHETIC_NOT_MEASURED,
2026-07-15T09:37:00+08:00,24.98512,30.48223,4.074125,689.8379,4.074125,25,ON,50,13.0372,16.2965,SYNTHETIC_NOT_MEASURED,
2026-07-15T09:38:00+08:00,25.0038,30.49514,4.083489,691.9982,4.083489,25,ON,50,13.067163,16.333954,SYNTHETIC_NOT_MEASURED,
2026-07-15T09:39:00+08:00,24.9845,30.50805,4.092834,694.1453,4.092834,25,ON,50,13.09707,16.371337,SYNTHETIC_NOT_MEASURED,
2026-07-15T09:40:00+08:00,24.98259,30.52094,4.102162,696.2792,4.102162,25,ON,50,13.126919,16.408648,SYNTHETIC_NOT_MEASURED,
2026-07-15T09:41:00+08:00,25.0054,30.53383,4.111472,698.3999,4.111472,25,ON,50,13.15671,16.445887,SYNTHETIC_NOT_MEASURED,
2026-07-15T09:42:00+08:00,25.01792,30.54671,4.120763,700.5073,4.120763,25,ON,50,13.186443,16.483054,SYNTHETIC_NOT_MEASURED,
2026-07-15T09:43:00+08:00,25.02385,30.55957,4.130036,702.6013,4.130036,25,ON,50,13.216117,16.520146,SYNTHETIC_NOT_MEASURED,
2026-07-15T09:44:00+08:00,24.97309,30.57243,4.139291,704.6819,4.139291,25,ON,50,13.245731,16.557164,SYNTHETIC_NOT_MEASURED,
2026-07-15T09:45:00+08:00,24.96114,30.58527,4.148527,706.7492,4.148527,25,ON,50,13.275286,16.594107,SYNTHETIC_NOT_MEASURED,
2026-07-15T09:46:00+08:00,24.99997,30.5981,4.157744,708.8029,4.157744,25,ON,50,13.304779,16.630974,SYNTHETIC_NOT_MEASURED,
2026-07-15T09:47:00+08:00,25.03962,30.61093,4.166941,710.8432,4.166941,25,ON,50,13.334212,16.667765,SYNTHETIC_NOT_MEASURED,
2026-07-15T09:48:00+08:00,25.02361,30.62374,4.17612,712.87,4.17612,25,ON,50,13.363583,16.704479,SYNTHETIC_NOT_MEASURED,
2026-07-15T09:49:00+08:00,25.02371,30.63653,4.185279,714.8832,4.185279,25,ON,50,13.392891,16.741114,SYNTHETIC_NOT_MEASURED,
2026-07-15T09:50:00+08:00,24.98433,30.64932,4.194418,716.8827,4.194418,25,ON,50,13.422137,16.777671,SYNTHETIC_NOT_MEASURED,
2026-07-15T09:51:00+08:00,24.98012,30.66209,4.203537,718.8686,4.203537,25,ON,50,13.451319,16.814149,SYNTHETIC_NOT_MEASURED,
2026-07-15T09:52:00+08:00,25.00051,30.67485,4.212637,720.8409,4.212637,25,ON,50,13.480437,16.850547,SYNTHETIC_NOT_MEASURED,
2026-07-15T09:53:00+08:00,24.99077,30.6876,4.221716,722.7994,4.221716,25,ON,50,13.509491,16.886864,SYNTHETIC_NOT_MEASURED,
2026-07-15T09:54:00+08:00,24.99307,30.70034,4.230775,724.7441,4.230775,25,ON,50,13.53848,16.9231,SYNTHETIC_NOT_MEASURED,
2026-07-15T09:55:00+08:00,25.03088,30.71306,4.239813,726.6751,4.239813,25,ON,50,13.567403,16.959254,SYNTHETIC_NOT_MEASURED,
2026-07-15T09:56:00+08:00,24.97967,30.72577,4.248831,728.5922,4.248831,25,ON,50,13.59626,16.995325,SYNTHETIC_NOT_MEASURED,
2026-07-15T09:57:00+08:00,24.95478,30.73846,4.257828,730.4954,4.257828,25,ON,50,13.62505,17.031312,SYNTHETIC_NOT_MEASURED,
2026-07-15T09:58:00+08:00,24.9966,30.75114,4.266804,732.3848,4.266804,25,ON,50,13.653773,17.067216,SYNTHETIC_NOT_MEASURED,
2026-07-15T09:59:00+08:00,24.97192,30.76381,4.275759,734.2602,4.275759,25,ON,50,13.682428,17.103034,SYNTHETIC_NOT_MEASURED,
2026-07-15T10:00:00+08:00,25.0468,30.77646,0.0,736.1216,0.0,26,ON,50,0.0,0.0,SYNTHETIC_NOT_MEASURED,
2026-07-15T10:01:00+08:00,25.03572,30.78909,0.0,737.969,0.0,26,ON,50,0.0,0.0,SYNTHETIC_NOT_MEASURED,
2026-07-15T10:02:00+08:00,25.02965,30.80172,0.0,739.8023,0.0,26,ON,50,0.0,0.0,SYNTHETIC_NOT_MEASURED,
2026-07-15T10:03:00+08:00,25.09245,30.81432,0.0,741.6216,0.0,26,ON,50,0.0,0.0,SYNTHETIC_NOT_MEASURED,
2026-07-15T10:04:00+08:00,25.07589,30.82691,0.0,743.4268,0.0,26,ON,50,0.0,0.0,SYNTHETIC_NOT_MEASURED,
2026-07-15T10:05:00+08:00,25.11779,30.83949,0.0,745.2177,0.0,26,ON,50,0.0,0.0,SYNTHETIC_NOT_MEASURED,
2026-07-15T10:06:00+08:00,25.10119,30.85205,0.0,746.9945,0.0,26,ON,50,0.0,0.0,SYNTHETIC_NOT_MEASURED,
2026-07-15T10:07:00+08:00,25.14726,30.86459,0.0,748.7571,0.0,26,ON,50,0.0,0.0,SYNTHETIC_NOT_MEASURED,
2026-07-15T10:08:00+08:00,25.15673,30.87712,0.0,750.5055,0.0,26,ON,50,0.0,0.0,SYNTHETIC_NOT_MEASURED,
2026-07-15T10:09:00+08:00,25.19046,30.88962,0.0,752.2395,0.0,26,ON,50,0.0,0.0,SYNTHETIC_NOT_MEASURED,
2026-07-15T10:10:00+08:00,25.18857,30.90212,0.0,753.9592,0.0,26,ON,50,0.0,0.0,SYNTHETIC_NOT_MEASURED,
2026-07-15T10:11:00+08:00,25.25689,30.91459,0.0,755.6646,0.0,26,ON,50,0.0,0.0,SYNTHETIC_NOT_MEASURED,
2026-07-15T10:12:00+08:00,25.25061,30.92705,0.0,757.3555,0.0,26,ON,50,0.0,0.0,SYNTHETIC_NOT_MEASURED,
2026-07-15T10:13:00+08:00,25.22739,30.93949,0.0,759.0321,0.0,26,ON,50,0.0,0.0,SYNTHETIC_NOT_MEASURED,
2026-07-15T10:14:00+08:00,25.27749,30.95191,0.0,760.6942,0.0,26,ON,50,0.0,0.0,SYNTHETIC_NOT_MEASURED,
2026-07-15T10:15:00+08:00,25.26957,30.96432,0.0,762.3418,0.0,26,ON,50,0.0,0.0,SYNTHETIC_NOT_MEASURED,
2026-07-15T10:16:00+08:00,25.30363,30.9767,0.0,763.9749,0.0,26,ON,50,0.0,0.0,SYNTHETIC_NOT_MEASURED,
2026-07-15T10:17:00+08:00,25.34647,30.98907,0.0,765.5935,0.0,26,ON,50,0.0,0.0,SYNTHETIC_NOT_MEASURED,
2026-07-15T10:18:00+08:00,25.35055,31.00142,0.0,767.1975,0.0,26,ON,50,0.0,0.0,SYNTHETIC_NOT_MEASURED,
2026-07-15T10:19:00+08:00,25.3328,31.01375,0.0,768.7869,0.0,26,ON,50,0.0,0.0,SYNTHETIC_NOT_MEASURED,
2026-07-15T10:20:00+08:00,25.40577,31.02606,0.0,770.3616,0.0,26,ON,50,0.0,0.0,SYNTHETIC_NOT_MEASURED,
2026-07-15T10:21:00+08:00,25.40559,31.03835,0.0,771.9217,0.0,26,ON,50,0.0,0.0,SYNTHETIC_NOT_MEASURED,
2026-07-15T10:22:00+08:00,25.37664,31.05062,0.0,773.4671,0.0,26,ON,50,0.0,0.0,SYNTHETIC_NOT_MEASURED,
2026-07-15T10:23:00+08:00,25.41902,31.06287,0.0,774.9977,0.0,26,ON,50,0.0,0.0,SYNTHETIC_NOT_MEASURED,
2026-07-15T10:24:00+08:00,25.4814,31.0751,0.0,776.5136,0.0,26,ON,50,0.0,0.0,SYNTHETIC_NOT_MEASURED,
2026-07-15T10:25:00+08:00,25.48967,31.08731,0.0,778.0148,0.0,26,ON,50,0.0,0.0,SYNTHETIC_NOT_MEASURED,
2026-07-15T10:26:00+08:00,25.53215,31.0995,0.0,779.5011,0.0,26,ON,50,0.0,0.0,SYNTHETIC_NOT_MEASURED,
2026-07-15T10:27:00+08:00,25.47092,31.11167,0.0,780.9725,0.0,26,ON,50,0.0,0.0,SYNTHETIC_NOT_MEASURED,
2026-07-15T10:28:00+08:00,25.50702,31.12382,0.0,782.4291,0.0,26,ON,50,0.0,0.0,SYNTHETIC_NOT_MEASURED,
2026-07-15T10:29:00+08:00,25.49893,31.13595,0.0,783.8708,0.0,26,ON,50,0.0,0.0,SYNTHETIC_NOT_MEASURED,
2026-07-15T10:30:00+08:00,25.58095,31.14805,0.0,785.2976,0.0,26,ON,50,0.0,0.0,SYNTHETIC_NOT_MEASURED,
2026-07-15T10:31:00+08:00,25.60243,31.16013,0.0,786.7094,0.0,26,ON,50,0.0,0.0,SYNTHETIC_NOT_MEASURED,
2026-07-15T10:32:00+08:00,25.60618,31.17219,0.0,788.1063,0.0,26,ON,50,0.0,0.0,SYNTHETIC_NOT_MEASURED,
2026-07-15T10:33:00+08:00,25.62825,31.18423,0.0,789.4881,0.0,26,ON,50,0.0,0.0,SYNTHETIC_NOT_MEASURED,
2026-07-15T10:34:00+08:00,25.66371,31.19625,0.0,790.8549,0.0,26,ON,50,0.0,0.0,SYNTHETIC_NOT_MEASURED,
2026-07-15T10:35:00+08:00,25.70741,31.20824,0.0,792.2067,0.0,26,ON,50,0.0,0.0,SYNTHETIC_NOT_MEASURED,
2026-07-15T10:36:00+08:00,25.69029,31.22021,0.0,793.5434,0.0,26,ON,50,0.0,0.0,SYNTHETIC_NOT_MEASURED,
2026-07-15T10:37:00+08:00,25.67779,31.23216,0.0,794.8649,0.0,26,ON,50,0.0,0.0,SYNTHETIC_NOT_MEASURED,
2026-07-15T10:38:00+08:00,25.71882,31.24408,0.0,796.1714,0.0,26,ON,50,0.0,0.0,SYNTHETIC_NOT_MEASURED,
2026-07-15T10:39:00+08:00,25.74152,31.25598,0.0,797.4626,0.0,26,ON,50,0.0,0.0,SYNTHETIC_NOT_MEASURED,
2026-07-15T10:40:00+08:00,25.74454,31.26785,0.0,798.7387,0.0,26,ON,50,0.0,0.0,SYNTHETIC_NOT_MEASURED,
2026-07-15T10:41:00+08:00,25.79494,31.27971,0.0,799.9996,0.0,26,ON,50,0.0,0.0,SYNTHETIC_NOT_MEASURED,
2026-07-15T10:42:00+08:00,25.80845,31.29153,0.0,801.2453,0.0,26,ON,50,0.0,0.0,SYNTHETIC_NOT_MEASURED,
2026-07-15T10:43:00+08:00,25.78132,31.30334,0.0,802.4757,0.0,26,ON,50,0.0,0.0,SYNTHETIC_NOT_MEASURED,
2026-07-15T10:44:00+08:00,25.84833,31.31511,0.0,803.6908,0.0,26,ON,50,0.0,0.0,SYNTHETIC_NOT_MEASURED,
2026-07-15T10:45:00+08:00,25.8854,31.32687,0.0,804.8906,0.0,26,ON,50,0.0,0.0,SYNTHETIC_NOT_MEASURED,
2026-07-15T10:46:00+08:00,25.90142,31.33859,0.0,806.0751,0.0,26,ON,50,0.0,0.0,SYNTHETIC_NOT_MEASURED,
2026-07-15T10:47:00+08:00,25.89691,31.3503,0.0,807.2443,0.0,26,ON,50,0.0,0.0,SYNTHETIC_NOT_MEASURED,
2026-07-15T10:48:00+08:00,25.92381,31.36197,0.0,808.398,0.0,26,ON,50,0.0,0.0,SYNTHETIC_NOT_MEASURED,
2026-07-15T10:49:00+08:00,25.91865,31.37362,0.0,809.5364,0.0,26,ON,50,0.0,0.0,SYNTHETIC_NOT_MEASURED,
2026-07-15T10:50:00+08:00,25.9281,31.38525,0.0,810.6594,0.0,26,ON,50,0.0,0.0,SYNTHETIC_NOT_MEASURED,
2026-07-15T10:51:00+08:00,25.95553,31.39684,0.0,811.767,0.0,26,ON,50,0.0,0.0,SYNTHETIC_NOT_MEASURED,
2026-07-15T10:52:00+08:00,25.97385,31.40841,0.0,812.859,0.0,26,ON,50,0.0,0.0,SYNTHETIC_NOT_MEASURED,
2026-07-15T10:53:00+08:00,25.95431,31.41996,2.920526,813.9357,2.920526,26,ON,50,9.345683,11.682104,SYNTHETIC_NOT_MEASURED,
2026-07-15T10:54:00+08:00,25.9817,31.43148,4.162626,814.9968,4.162626,26,ON,50,13.320402,16.650502,SYNTHETIC_NOT_MEASURED,
2026-07-15T10:55:00+08:00,25.95375,31.44297,4.170134,816.0424,4.170134,26,ON,50,13.34443,16.680537,SYNTHETIC_NOT_MEASURED,
2026-07-15T10:56:00+08:00,25.97347,31.45443,4.177613,817.0724,4.177613,26,ON,50,13.368361,16.710451,SYNTHETIC_NOT_MEASURED,
2026-07-15T10:57:00+08:00,26.00231,31.46586,4.185061,818.087,4.185061,26,ON,50,13.392195,16.740244,SYNTHETIC_NOT_MEASURED,
2026-07-15T10:58:00+08:00,25.99731,31.47727,4.192479,819.0859,4.192479,26,ON,50,13.415932,16.769915,SYNTHETIC_NOT_MEASURED,
2026-07-15T10:59:00+08:00,26.00994,31.48865,4.199866,820.0692,4.199866,26,ON,50,13.43957,16.799463,SYNTHETIC_NOT_MEASURED,
2026-07-15T11:00:00+08:00,26.01998,31.5,4.207222,821.037,4.207222,26,ON,50,13.463111,16.828889,SYNTHETIC_NOT_MEASURED,
2026-07-15T11:01:00+08:00,25.96187,31.51132,4.214548,821.989,4.214548,26,ON,50,13.486552,16.858191,SYNTHETIC_NOT_MEASURED,
2026-07-15T11:02:00+08:00,25.98434,31.52262,4.221842,822.9255,4.221842,26,ON,50,13.509895,16.887369,SYNTHETIC_NOT_MEASURED,
2026-07-15T11:03:00+08:00,25.98994,31.53388,4.229105,823.8463,4.229105,26,ON,50,13.533137,16.916422,SYNTHETIC_NOT_MEASURED,
2026-07-15T11:04:00+08:00,26.01813,31.54511,4.236337,824.7514,4.236337,26,ON,50,13.55628,16.94535,SYNTHETIC_NOT_MEASURED,
2026-07-15T11:05:00+08:00,26.04222,31.55632,4.243538,825.6408,4.243538,26,ON,50,13.579322,16.974152,SYNTHETIC_NOT_MEASURED,
2026-07-15T11:06:00+08:00,25.99637,31.5675,4.250707,826.5144,4.250707,26,ON,50,13.602263,17.002828,SYNTHETIC_NOT_MEASURED,
2026-07-15T11:07:00+08:00,26.03356,31.57864,4.257844,827.3724,4.257844,26,ON,50,13.625102,17.031378,SYNTHETIC_NOT_MEASURED,
2026-07-15T11:08:00+08:00,25.98538,31.58976,4.26495,828.2146,4.26495,26,ON,50,13.64784,17.0598,SYNTHETIC_NOT_MEASURED,
2026-07-15T11:09:00+08:00,26.03402,31.60084,4.272023,829.041,4.272023,26,ON,50,13.670475,17.088094,SYNTHETIC_NOT_MEASURED,
2026-07-15T11:10:00+08:00,26.00918,31.6119,4.279065,829.8516,4.279065,26,ON,50,13.693007,17.116259,SYNTHETIC_NOT_MEASURED,
2026-07-15T11:11:00+08:00,25.99295,31.62292,4.286074,830.6464,4.286074,26,ON,50,13.715436,17.144296,SYNTHETIC_NOT_MEASURED,
2026-07-15T11:12:00+08:00,26.03596,31.63392,4.293051,831.4255,4.293051,26,ON,50,13.737762,17.172203,SYNTHETIC_NOT_MEASURED,
2026-07-15T11:13:00+08:00,25.95508,31.64488,4.299995,832.1887,4.299995,26,ON,50,13.759984,17.199979,SYNTHETIC_NOT_MEASURED,
2026-07-15T11:14:00+08:00,26.04429,31.65581,4.306906,832.936,4.306906,26,ON,50,13.782101,17.227626,SYNTHETIC_NOT_MEASURED,
2026-07-15T11:15:00+08:00,26.01361,31.66671,4.313785,833.6675,4.313785,26,ON,50,13.804113,17.255141,SYNTHETIC_NOT_MEASURED,
2026-07-15T11:16:00+08:00,25.9964,31.67758,4.320631,834.3831,4.320631,26,ON,50,13.82602,17.282525,SYNTHETIC_NOT_MEASURED,
2026-07-15T11:17:00+08:00,25.9926,31.68841,4.327444,835.0828,4.327444,26,ON,50,13.847821,17.309776,SYNTHETIC_NOT_MEASURED,
2026-07-15T11:18:00+08:00,25.97044,31.69922,4.334224,835.7667,4.334224,26,ON,50,13.869516,17.336895,SYNTHETIC_NOT_MEASURED,
2026-07-15T11:19:00+08:00,25.97141,31.70999,4.34097,836.4346,4.34097,26,ON,50,13.891104,17.36388,SYNTHETIC_NOT_MEASURED,
2026-07-15T11:20:00+08:00,26.00014,31.72073,4.347683,837.0866,4.347683,26,ON,50,13.912586,17.390732,SYNTHETIC_NOT_MEASURED,
2026-07-15T11:21:00+08:00,26.00437,31.73144,4.354362,837.7227,4.354362,26,ON,50,13.93396,17.41745,SYNTHETIC_NOT_MEASURED,
2026-07-15T11:22:00+08:00,26.07058,31.74211,4.361008,838.3428,4.361008,26,ON,50,13.955226,17.444033,SYNTHETIC_NOT_MEASURED,
2026-07-15T11:23:00+08:00,25.98611,31.75275,4.36762,838.9469,4.36762,26,ON,50,13.976384,17.47048,SYNTHETIC_NOT_MEASURED,
2026-07-15T11:24:00+08:00,25.97109,31.76336,4.374198,839.5351,4.374198,26,ON,50,13.997434,17.496792,SYNTHETIC_NOT_MEASURED,
2026-07-15T11:25:00+08:00,26.00831,31.77393,4.380742,840.1073,4.380742,26,ON,50,14.018374,17.522968,SYNTHETIC_NOT_MEASURED,
2026-07-15T11:26:00+08:00,26.00737,31.78447,4.387252,840.6635,4.387252,26,ON,50,14.039206,17.549007,SYNTHETIC_NOT_MEASURED,
2026-07-15T11:27:00+08:00,26.01588,31.79497,4.393727,841.2037,4.393727,26,ON,50,14.059927,17.574909,SYNTHETIC_NOT_MEASURED,
2026-07-15T11:28:00+08:00,26.01251,31.80545,4.400168,841.7279,4.400168,26,ON,50,14.080538,17.600673,SYNTHETIC_NOT_MEASURED,
2026-07-15T11:29:00+08:00,25.99967,31.81588,4.406575,842.236,4.406575,26,ON,50,14.101039,17.626299,SYNTHETIC_NOT_MEASURED,
2026-07-15T11:30:00+08:00,26.04078,31.82628,0.0,842.7281,0.0,,OFF,50,0.0,0.0,SYNTHETIC_NOT_MEASURED,
2026-07-15T11:31:00+08:00,26.04771,31.83665,0.0,843.2042,0.0,,OFF,50,0.0,0.0,SYNTHETIC_NOT_MEASURED,
2026-07-15T11:32:00+08:00,26.04214,31.84698,0.0,843.6642,0.0,,OFF,50,0.0,0.0,SYNTHETIC_NOT_MEASURED,
2026-07-15T11:33:00+08:00,26.06282,31.85728,0.0,844.1082,0.0,,OFF,50,0.0,0.0,SYNTHETIC_NOT_MEASURED,
2026-07-15T11:34:00+08:00,26.02247,31.86754,0.0,844.5361,0.0,,OFF,50,0.0,0.0,SYNTHETIC_NOT_MEASURED,
2026-07-15T11:35:00+08:00,26.15757,31.87777,0.0,844.9479,0.0,,OFF,50,0.0,0.0,SYNTHETIC_NOT_MEASURED,
2026-07-15T11:36:00+08:00,26.08803,31.88796,0.0,845.3436,0.0,,OFF,50,0.0,0.0,SYNTHETIC_NOT_MEASURED,
2026-07-15T11:37:00+08:00,26.11664,31.89812,0.0,845.7232,0.0,,OFF,50,0.0,0.0,SYNTHETIC_NOT_MEASURED,
2026-07-15T11:38:00+08:00,26.12233,31.90823,0.0,846.0868,0.0,,OFF,50,0.0,0.0,SYNTHETIC_NOT_MEASURED,
2026-07-15T11:39:00+08:00,26.17121,31.91832,0.0,846.4342,0.0,,OFF,50,0.0,0.0,SYNTHETIC_NOT_MEASURED,
2026-07-15T11:40:00+08:00,26.17932,31.92836,0.0,846.7655,0.0,,OFF,50,0.0,0.0,SYNTHETIC_NOT_MEASURED,
2026-07-15T11:41:00+08:00,26.20631,31.93837,0.0,847.0807,0.0,,OFF,50,0.0,0.0,SYNTHETIC_NOT_MEASURED,
2026-07-15T11:42:00+08:00,26.20564,31.94834,0.0,847.3797,0.0,,OFF,50,0.0,0.0,SYNTHETIC_NOT_MEASURED,
2026-07-15T11:43:00+08:00,26.2701,31.95828,0.0,847.6627,0.0,,OFF,50,0.0,0.0,SYNTHETIC_NOT_MEASURED,
2026-07-15T11:44:00+08:00,26.25512,31.96818,0.0,847.9294,0.0,,OFF,50,0.0,0.0,SYNTHETIC_NOT_MEASURED,
2026-07-15T11:45:00+08:00,26.29766,31.97804,0.0,848.1801,0.0,,OFF,50,0.0,0.0,SYNTHETIC_NOT_MEASURED,
2026-07-15T11:46:00+08:00,26.29618,31.98786,0.0,848.4146,0.0,,OFF,50,0.0,0.0,SYNTHETIC_NOT_MEASURED,
2026-07-15T11:47:00+08:00,26.34197,31.99764,0.0,848.6329,0.0,,OFF,50,0.0,0.0,SYNTHETIC_NOT_MEASURED,
2026-07-15T11:48:00+08:00,26.32628,32.00739,0.0,848.8351,0.0,,OFF,50,0.0,0.0,SYNTHETIC_NOT_MEASURED,
2026-07-15T11:49:00+08:00,26.33336,32.0171,0.0,849.0211,0.0,,OFF,50,0.0,0.0,SYNTHETIC_NOT_MEASURED,
2026-07-15T11:50:00+08:00,26.40167,32.02677,0.0,849.191,0.0,,OFF,50,0.0,0.0,SYNTHETIC_NOT_MEASURED,
2026-07-15T11:51:00+08:00,26.40417,32.0364,0.0,849.3447,0.0,,OFF,50,0.0,0.0,SYNTHETIC_NOT_MEASURED,
2026-07-15T11:52:00+08:00,26.47313,32.046,0.0,849.4822,0.0,,OFF,50,0.0,0.0,SYNTHETIC_NOT_MEASURED,
2026-07-15T11:53:00+08:00,26.46141,32.05555,0.0,849.6036,0.0,,OFF,50,0.0,0.0,SYNTHETIC_NOT_MEASURED,
2026-07-15T11:54:00+08:00,26.44942,32.06506,0.0,849.7087,0.0,,OFF,50,0.0,0.0,SYNTHETIC_NOT_MEASURED,
2026-07-15T11:55:00+08:00,26.50232,32.07454,0.0,849.7977,0.0,,OFF,50,0.0,0.0,SYNTHETIC_NOT_MEASURED,
2026-07-15T11:56:00+08:00,26.48065,32.08398,0.0,849.8705,0.0,,OFF,50,0.0,0.0,SYNTHETIC_NOT_MEASURED,
2026-07-15T11:57:00+08:00,26.51747,32.09337,0.0,849.9272,0.0,,OFF,50,0.0,0.0,SYNTHETIC_NOT_MEASURED,
2026-07-15T11:58:00+08:00,26.56156,32.10273,0.0,849.9676,0.0,,OFF,50,0.0,0.0,SYNTHETIC_NOT_MEASURED,
2026-07-15T11:59:00+08:00,26.5871,32.11204,0.0,849.9919,0.0,,OFF,50,0.0,0.0,SYNTHETIC_NOT_MEASURED,
2026-07-15T12:00:00+08:00,26.58581,32.12132,10.0,850.0,10.0,25,ON,50,32.0,40.0,SYNTHETIC_NOT_MEASURED,
2026-07-15T12:01:00+08:00,26.53737,32.13056,10.0,849.9919,10.0,25,ON,50,32.0,40.0,SYNTHETIC_NOT_MEASURED,
2026-07-15T12:02:00+08:00,26.50852,32.13975,10.0,849.9676,10.0,25,ON,50,32.0,40.0,SYNTHETIC_NOT_MEASURED,
2026-07-15T12:03:00+08:00,26.50475,32.14891,10.0,849.9272,10.0,25,ON,50,32.0,40.0,SYNTHETIC_NOT_MEASURED,
2026-07-15T12:04:00+08:00,26.49327,32.15802,10.0,849.8705,10.0,25,ON,50,32.0,40.0,SYNTHETIC_NOT_MEASURED,
2026-07-15T12:05:00+08:00,26.48647,32.16709,10.0,849.7977,10.0,25,ON,50,32.0,40.0,SYNTHETIC_NOT_MEASURED,
2026-07-15T12:06:00+08:00,26.4392,32.17612,10.0,849.7087,10.0,25,ON,50,32.0,40.0,SYNTHETIC_NOT_MEASURED,
2026-07-15T12:07:00+08:00,26.38825,32.18511,10.0,849.6036,10.0,25,ON,50,32.0,40.0,SYNTHETIC_NOT_MEASURED,
2026-07-15T12:08:00+08:00,26.40559,32.19406,10.0,849.4822,10.0,25,ON,50,32.0,40.0,SYNTHETIC_NOT_MEASURED,
2026-07-15T12:09:00+08:00,26.33575,32.20297,10.0,849.3447,10.0,25,ON,50,32.0,40.0,SYNTHETIC_NOT_MEASURED,
2026-07-15T12:10:00+08:00,26.34531,32.21183,10.0,849.191,10.0,25,ON,50,32.0,40.0,SYNTHETIC_NOT_MEASURED,
2026-07-15T12:11:00+08:00,26.29883,32.22065,10.0,849.0211,10.0,25,ON,50,32.0,40.0,SYNTHETIC_NOT_MEASURED,
2026-07-15T12:12:00+08:00,26.24559,32.22943,10.0,848.8351,10.0,25,ON,50,32.0,40.0,SYNTHETIC_NOT_MEASURED,
2026-07-15T12:13:00+08:00,26.26752,32.23817,10.0,848.6329,10.0,25,ON,50,32.0,40.0,SYNTHETIC_NOT_MEASURED,
2026-07-15T12:14:00+08:00,26.20623,32.24687,10.0,848.4146,10.0,25,ON,50,32.0,40.0,SYNTHETIC_NOT_MEASURED,
2026-07-15T12:15:00+08:00,26.23917,32.25552,10.0,848.1801,10.0,25,ON,50,32.0,40.0,SYNTHETIC_NOT_MEASURED,
2026-07-15T12:16:00+08:00,26.1556,32.26413,10.0,847.9294,10.0,25,ON,50,32.0,40.0,SYNTHETIC_NOT_MEASURED,
2026-07-15T12:17:00+08:00,26.15849,32.27269,10.0,847.6627,10.0,25,ON,50,32.0,40.0,SYNTHETIC_NOT_MEASURED,
2026-07-15T12:18:00+08:00,26.16765,32.28122,10.0,847.3797,10.0,25,ON,50,32.0,40.0,SYNTHETIC_NOT_MEASURED,
2026-07-15T12:19:00+08:00,26.13918,32.2897,10.0,847.0807,10.0,25,ON,50,32.0,40.0,SYNTHETIC_NOT_MEASURED,
2026-07-15T12:20:00+08:00,26.0603,32.29813,10.0,846.7655,10.0,25,ON,50,32.0,40.0,SYNTHETIC_NOT_MEASURED,
2026-07-15T12:21:00+08:00,26.06218,32.30653,10.0,846.4342,10.0,25,ON,50,32.0,40.0,SYNTHETIC_NOT_MEASURED,
2026-07-15T12:22:00+08:00,25.9894,32.31487,10.0,846.0868,10.0,25,ON,50,32.0,40.0,SYNTHETIC_NOT_MEASURED,
2026-07-15T12:23:00+08:00,26.0348,32.32318,10.0,845.7232,10.0,25,ON,50,32.0,40.0,SYNTHETIC_NOT_MEASURED,
2026-07-15T12:24:00+08:00,25.97474,32.33144,10.0,845.3436,10.0,25,ON,50,32.0,40.0,SYNTHETIC_NOT_MEASURED,
2026-07-15T12:25:00+08:00,26.02226,32.33965,10.0,844.9479,10.0,25,ON,50,32.0,40.0,SYNTHETIC_NOT_MEASURED,
2026-07-15T12:26:00+08:00,25.93214,32.34782,10.0,844.5361,10.0,25,ON,50,32.0,40.0,SYNTHETIC_NOT_MEASURED,
2026-07-15T12:27:00+08:00,25.91117,32.35595,10.0,844.1082,10.0,25,ON,50,32.0,40.0,SYNTHETIC_NOT_MEASURED,
2026-07-15T12:28:00+08:00,25.86901,32.36403,10.0,843.6642,10.0,25,ON,50,32.0,40.0,SYNTHETIC_NOT_MEASURED,
2026-07-15T12:29:00+08:00,25.90729,32.37207,10.0,843.2042,10.0,25,ON,50,32.0,40.0,SYNTHETIC_NOT_MEASURED,
2026-07-15T12:30:00+08:00,25.83616,32.38006,10.0,842.7281,10.0,25,ON,50,32.0,40.0,SYNTHETIC_NOT_MEASURED,
2026-07-15T12:31:00+08:00,25.84289,32.38801,10.0,842.236,10.0,25,ON,50,32.0,40.0,SYNTHETIC_NOT_MEASURED,
2026-07-15T12:32:00+08:00,25.77069,32.39591,10.0,841.7279,10.0,25,ON,50,32.0,40.0,SYNTHETIC_NOT_MEASURED,
2026-07-15T12:33:00+08:00,25.78507,32.40376,10.0,841.2037,10.0,25,ON,50,32.0,40.0,SYNTHETIC_NOT_MEASURED,
2026-07-15T12:34:00+08:00,25.76054,32.41157,10.0,840.6635,10.0,25,ON,50,32.0,40.0,SYNTHETIC_NOT_MEASURED,
2026-07-15T12:35:00+08:00,25.75462,32.41933,10.0,840.1073,10.0,25,ON,50,32.0,40.0,SYNTHETIC_NOT_MEASURED,
2026-07-15T12:36:00+08:00,25.7066,32.42705,10.0,839.5351,10.0,25,ON,50,32.0,40.0,SYNTHETIC_NOT_MEASURED,
2026-07-15T12:37:00+08:00,25.69603,32.43472,10.0,838.9469,10.0,25,ON,50,32.0,40.0,SYNTHETIC_NOT_MEASURED,
2026-07-15T12:38:00+08:00,25.67766,32.44235,10.0,838.3428,10.0,25,ON,50,32.0,40.0,SYNTHETIC_NOT_MEASURED,
2026-07-15T12:39:00+08:00,25.63013,32.44992,10.0,837.7227,10.0,25,ON,50,32.0,40.0,SYNTHETIC_NOT_MEASURED,
2026-07-15T12:40:00+08:00,25.61684,32.45746,10.0,837.0866,10.0,25,ON,50,32.0,40.0,SYNTHETIC_NOT_MEASURED,
2026-07-15T12:41:00+08:00,25.5964,32.46494,10.0,836.4346,10.0,25,ON,50,32.0,40.0,SYNTHETIC_NOT_MEASURED,
2026-07-15T12:42:00+08:00,25.58363,32.47238,10.0,835.7667,10.0,25,ON,50,32.0,40.0,SYNTHETIC_NOT_MEASURED,
2026-07-15T12:43:00+08:00,25.555,32.47977,10.0,835.0828,10.0,25,ON,50,32.0,40.0,SYNTHETIC_NOT_MEASURED,
2026-07-15T12:44:00+08:00,25.52416,32.48711,10.0,834.3831,10.0,25,ON,50,32.0,40.0,SYNTHETIC_NOT_MEASURED,
2026-07-15T12:45:00+08:00,25.56033,32.49441,10.0,833.6675,10.0,25,ON,50,32.0,40.0,SYNTHETIC_NOT_MEASURED,
2026-07-15T12:46:00+08:00,25.49072,32.50166,10.0,832.936,10.0,25,ON,50,32.0,40.0,SYNTHETIC_NOT_MEASURED,
2026-07-15T12:47:00+08:00,25.43912,32.50886,10.0,832.1887,10.0,25,ON,50,32.0,40.0,SYNTHETIC_NOT_MEASURED,
2026-07-15T12:48:00+08:00,25.44336,32.51601,10.0,831.4255,10.0,25,ON,50,32.0,40.0,SYNTHETIC_NOT_MEASURED,
2026-07-15T12:49:00+08:00,25.44763,32.52312,10.0,830.6464,10.0,25,ON,50,32.0,40.0,SYNTHETIC_NOT_MEASURED,
2026-07-15T12:50:00+08:00,25.43197,32.53017,10.0,829.8516,10.0,25,ON,50,32.0,40.0,SYNTHETIC_NOT_MEASURED,
2026-07-15T12:51:00+08:00,25.34741,32.53718,10.0,829.041,10.0,25,ON,50,32.0,40.0,SYNTHETIC_NOT_MEASURED,
2026-07-15T12:52:00+08:00,25.38445,32.54414,10.0,828.2146,10.0,25,ON,50,32.0,40.0,SYNTHETIC_NOT_MEASURED,
2026-07-15T12:53:00+08:00,25.26377,32.55106,10.0,827.3724,10.0,25,ON,50,32.0,40.0,SYNTHETIC_NOT_MEASURED,
2026-07-15T12:54:00+08:00,25.33466,32.55792,10.0,826.5144,10.0,25,ON,50,32.0,40.0,SYNTHETIC_NOT_MEASURED,
2026-07-15T12:55:00+08:00,25.32414,32.56474,10.0,825.6408,10.0,25,ON,50,32.0,40.0,SYNTHETIC_NOT_MEASURED,
2026-07-15T12:56:00+08:00,25.29538,32.5715,10.0,824.7514,10.0,25,ON,50,32.0,40.0,SYNTHETIC_NOT_MEASURED,
2026-07-15T12:57:00+08:00,25.27736,32.57822,10.0,823.8463,10.0,25,ON,50,32.0,40.0,SYNTHETIC_NOT_MEASURED,
2026-07-15T12:58:00+08:00,25.24295,32.58489,10.0,822.9255,10.0,25,ON,50,32.0,40.0,SYNTHETIC_NOT_MEASURED,
2026-07-15T12:59:00+08:00,25.20176,32.59151,10.0,821.989,10.0,25,ON,50,32.0,40.0,SYNTHETIC_NOT_MEASURED,
2026-07-15T13:00:00+08:00,25.16945,32.59808,0.0,821.037,0.0,27,ON,50,0.0,0.0,SYNTHETIC_NOT_MEASURED,
2026-07-15T13:01:00+08:00,25.18438,32.6046,0.0,820.0692,0.0,27,ON,50,0.0,0.0,SYNTHETIC_NOT_MEASURED,
2026-07-15T13:02:00+08:00,25.23931,32.61107,0.0,819.0859,0.0,27,ON,50,0.0,0.0,SYNTHETIC_NOT_MEASURED,
2026-07-15T13:03:00+08:00,25.21572,32.61749,0.0,818.087,0.0,27,ON,50,0.0,0.0,SYNTHETIC_NOT_MEASURED,
2026-07-15T13:04:00+08:00,25.29793,32.62386,0.0,817.0724,0.0,27,ON,50,0.0,0.0,SYNTHETIC_NOT_MEASURED,
2026-07-15T13:05:00+08:00,25.26108,32.63018,0.0,816.0424,0.0,27,ON,50,0.0,0.0,SYNTHETIC_NOT_MEASURED,
2026-07-15T13:06:00+08:00,25.33427,32.63645,0.0,814.9968,0.0,27,ON,50,0.0,0.0,SYNTHETIC_NOT_MEASURED,
2026-07-15T13:07:00+08:00,25.34476,32.64267,0.0,813.9357,0.0,27,ON,50,0.0,0.0,SYNTHETIC_NOT_MEASURED,
2026-07-15T13:08:00+08:00,25.35284,32.64884,0.0,812.859,0.0,27,ON,50,0.0,0.0,SYNTHETIC_NOT_MEASURED,
2026-07-15T13:09:00+08:00,25.4284,32.65496,0.0,811.767,0.0,27,ON,50,0.0,0.0,SYNTHETIC_NOT_MEASURED,
2026-07-15T13:10:00+08:00,25.4007,32.66103,0.0,810.6594,0.0,27,ON,50,0.0,0.0,SYNTHETIC_NOT_MEASURED,
2026-07-15T13:11:00+08:00,25.4207,32.66705,0.0,809.5364,0.0,27,ON,50,0.0,0.0,SYNTHETIC_NOT_MEASURED,
2026-07-15T13:12:00+08:00,25.47079,32.67302,0.0,808.398,0.0,27,ON,50,0.0,0.0,SYNTHETIC_NOT_MEASURED,
2026-07-15T13:13:00+08:00,25.48916,32.67894,0.0,807.2443,0.0,27,ON,50,0.0,0.0,SYNTHETIC_NOT_MEASURED,
2026-07-15T13:14:00+08:00,25.50088,32.6848,0.0,806.0751,0.0,27,ON,50,0.0,0.0,SYNTHETIC_NOT_MEASURED,
2026-07-15T13:15:00+08:00,25.52998,32.69062,0.0,804.8906,0.0,27,ON,50,0.0,0.0,SYNTHETIC_NOT_MEASURED,
2026-07-15T13:16:00+08:00,25.56691,32.69638,0.0,803.6908,0.0,27,ON,50,0.0,0.0,SYNTHETIC_NOT_MEASURED,
2026-07-15T13:17:00+08:00,25.53764,32.70209,0.0,802.4757,0.0,27,ON,50,0.0,0.0,SYNTHETIC_NOT_MEASURED,
2026-07-15T13:18:00+08:00,25.65786,32.70776,0.0,801.2453,0.0,27,ON,50,0.0,0.0,SYNTHETIC_NOT_MEASURED,
2026-07-15T13:19:00+08:00,25.65272,32.71337,0.0,799.9996,0.0,27,ON,50,0.0,0.0,SYNTHETIC_NOT_MEASURED,
2026-07-15T13:20:00+08:00,25.66686,32.71892,0.0,798.7387,0.0,27,ON,50,0.0,0.0,SYNTHETIC_NOT_MEASURED,
2026-07-15T13:21:00+08:00,25.71185,32.72443,0.0,797.4626,0.0,27,ON,50,0.0,0.0,SYNTHETIC_NOT_MEASURED,
2026-07-15T13:22:00+08:00,25.72538,32.72988,0.0,796.1714,0.0,27,ON,50,0.0,0.0,SYNTHETIC_NOT_MEASURED,
2026-07-15T13:23:00+08:00,25.72292,32.73529,0.0,794.8649,0.0,27,ON,50,0.0,0.0,SYNTHETIC_NOT_MEASURED,
2026-07-15T13:24:00+08:00,25.71574,32.74064,0.0,793.5434,0.0,27,ON,50,0.0,0.0,SYNTHETIC_NOT_MEASURED,
2026-07-15T13:25:00+08:00,25.78366,32.74593,0.0,792.2067,0.0,27,ON,50,0.0,0.0,SYNTHETIC_NOT_MEASURED,
2026-07-15T13:26:00+08:00,25.82096,32.75118,0.0,790.8549,0.0,27,ON,50,0.0,0.0,SYNTHETIC_NOT_MEASURED,
2026-07-15T13:27:00+08:00,25.83198,32.75637,0.0,789.4881,0.0,27,ON,50,0.0,0.0,SYNTHETIC_NOT_MEASURED,
2026-07-15T13:28:00+08:00,25.878,32.76151,0.0,788.1063,0.0,27,ON,50,0.0,0.0,SYNTHETIC_NOT_MEASURED,
2026-07-15T13:29:00+08:00,25.82777,32.7666,0.0,786.7094,0.0,27,ON,50,0.0,0.0,SYNTHETIC_NOT_MEASURED,
2026-07-15T13:30:00+08:00,25.85346,32.77164,0.0,785.2976,0.0,27,ON,50,0.0,0.0,SYNTHETIC_NOT_MEASURED,
2026-07-15T13:31:00+08:00,25.87942,32.77662,0.0,783.8708,0.0,27,ON,50,0.0,0.0,SYNTHETIC_NOT_MEASURED,
2026-07-15T13:32:00+08:00,25.96454,32.78155,0.0,782.4291,0.0,27,ON,50,0.0,0.0,SYNTHETIC_NOT_MEASURED,
2026-07-15T13:33:00+08:00,25.93522,32.78643,0.0,780.9725,0.0,27,ON,50,0.0,0.0,SYNTHETIC_NOT_MEASURED,
2026-07-15T13:34:00+08:00,25.99408,32.79125,0.0,779.5011,0.0,27,ON,50,0.0,0.0,SYNTHETIC_NOT_MEASURED,
2026-07-15T13:35:00+08:00,25.98813,32.79602,0.0,778.0148,0.0,27,ON,50,0.0,0.0,SYNTHETIC_NOT_MEASURED,
2026-07-15T13:36:00+08:00,26.01424,32.80074,0.0,776.5136,0.0,27,ON,50,0.0,0.0,SYNTHETIC_NOT_MEASURED,
2026-07-15T13:37:00+08:00,26.07992,32.80541,0.0,774.9977,0.0,27,ON,50,0.0,0.0,SYNTHETIC_NOT_MEASURED,
2026-07-15T13:38:00+08:00,26.06503,32.81002,0.0,773.4671,0.0,27,ON,50,0.0,0.0,SYNTHETIC_NOT_MEASURED,
2026-07-15T13:39:00+08:00,26.07294,32.81457,0.0,771.9217,0.0,27,ON,50,0.0,0.0,SYNTHETIC_NOT_MEASURED,
2026-07-15T13:40:00+08:00,26.08775,32.81908,0.0,770.3616,0.0,27,ON,50,0.0,0.0,SYNTHETIC_NOT_MEASURED,
2026-07-15T13:41:00+08:00,26.13762,32.82353,0.0,768.7869,0.0,27,ON,50,0.0,0.0,SYNTHETIC_NOT_MEASURED,
2026-07-15T13:42:00+08:00,26.12507,32.82792,0.0,767.1975,0.0,27,ON,50,0.0,0.0,SYNTHETIC_NOT_MEASURED,
2026-07-15T13:43:00+08:00,26.17167,32.83227,0.0,765.5935,0.0,27,ON,50,0.0,0.0,SYNTHETIC_NOT_MEASURED,
2026-07-15T13:44:00+08:00,26.19693,32.83656,0.0,763.9749,0.0,27,ON,50,0.0,0.0,SYNTHETIC_NOT_MEASURED,
2026-07-15T13:45:00+08:00,26.2264,32.84079,0.0,762.3418,0.0,27,ON,50,0.0,0.0,SYNTHETIC_NOT_MEASURED,
2026-07-15T13:46:00+08:00,26.21879,32.84497,0.0,760.6942,0.0,27,ON,50,0.0,0.0,SYNTHETIC_NOT_MEASURED,
2026-07-15T13:47:00+08:00,26.26799,32.8491,0.0,759.0321,0.0,27,ON,50,0.0,0.0,SYNTHETIC_NOT_MEASURED,
2026-07-15T13:48:00+08:00,26.26681,32.85317,0.0,757.3555,0.0,27,ON,50,0.0,0.0,SYNTHETIC_NOT_MEASURED,
2026-07-15T13:49:00+08:00,26.27269,32.85719,0.0,755.6646,0.0,27,ON,50,0.0,0.0,SYNTHETIC_NOT_MEASURED,
2026-07-15T13:50:00+08:00,26.32897,32.86115,0.0,753.9592,0.0,27,ON,50,0.0,0.0,SYNTHETIC_NOT_MEASURED,
2026-07-15T13:51:00+08:00,26.35487,32.86506,0.0,752.2395,0.0,27,ON,50,0.0,0.0,SYNTHETIC_NOT_MEASURED,
2026-07-15T13:52:00+08:00,26.31784,32.86891,0.0,750.5055,0.0,27,ON,50,0.0,0.0,SYNTHETIC_NOT_MEASURED,
2026-07-15T13:53:00+08:00,26.34725,32.87271,0.0,748.7571,0.0,27,ON,50,0.0,0.0,SYNTHETIC_NOT_MEASURED,
2026-07-15T13:54:00+08:00,26.40517,32.87646,0.0,746.9945,0.0,27,ON,50,0.0,0.0,SYNTHETIC_NOT_MEASURED,
2026-07-15T13:55:00+08:00,26.41194,32.88015,0.0,745.2177,0.0,27,ON,50,0.0,0.0,SYNTHETIC_NOT_MEASURED,
2026-07-15T13:56:00+08:00,26.3733,32.88379,0.0,743.4268,0.0,27,ON,50,0.0,0.0,SYNTHETIC_NOT_MEASURED,
2026-07-15T13:57:00+08:00,26.4504,32.88737,0.0,741.6216,0.0,27,ON,50,0.0,0.0,SYNTHETIC_NOT_MEASURED,
2026-07-15T13:58:00+08:00,26.44253,32.89089,0.0,739.8023,0.0,27,ON,50,0.0,0.0,SYNTHETIC_NOT_MEASURED,
2026-07-15T13:59:00+08:00,26.51432,32.89436,0.0,737.969,0.0,27,ON,50,0.0,0.0,SYNTHETIC_NOT_MEASURED,
2026-07-15T14:00:00+08:00,26.5215,32.89778,10.0,736.1216,10.0,25,ON,50,32.0,40.0,SYNTHETIC_NOT_MEASURED,
2026-07-15T14:01:00+08:00,26.53637,32.90114,10.0,734.2602,10.0,25,ON,50,32.0,40.0,SYNTHETIC_NOT_MEASURED,
2026-07-15T14:02:00+08:00,26.4529,32.90444,10.0,732.3848,10.0,25,ON,50,32.0,40.0,SYNTHETIC_NOT_MEASURED,
2026-07-15T14:03:00+08:00,26.40964,32.90769,10.0,730.4954,10.0,25,ON,50,32.0,40.0,SYNTHETIC_NOT_MEASURED,
2026-07-15T14:04:00+08:00,26.36728,32.91089,10.0,728.5922,10.0,25,ON,50,32.0,40.0,SYNTHETIC_NOT_MEASURED,
2026-07-15T14:05:00+08:00,26.402,32.91403,10.0,726.6751,10.0,25,ON,50,32.0,40.0,SYNTHETIC_NOT_MEASURED,
2026-07-15T14:06:00+08:00,26.38383,32.91711,10.0,724.7441,10.0,25,ON,50,32.0,40.0,SYNTHETIC_NOT_MEASURED,
2026-07-15T14:07:00+08:00,26.34979,32.92014,10.0,722.7994,10.0,25,ON,50,32.0,40.0,SYNTHETIC_NOT_MEASURED,
2026-07-15T14:08:00+08:00,26.31296,32.92311,10.0,720.8409,10.0,25,ON,50,32.0,40.0,SYNTHETIC_NOT_MEASURED,
2026-07-15T14:09:00+08:00,26.31234,32.92603,10.0,718.8686,10.0,25,ON,50,32.0,40.0,SYNTHETIC_NOT_MEASURED,
2026-07-15T14:10:00+08:00,26.29355,32.92889,10.0,716.8827,10.0,25,ON,50,32.0,40.0,SYNTHETIC_NOT_MEASURED,
2026-07-15T14:11:00+08:00,26.24204,32.93169,10.0,714.8832,10.0,25,ON,50,32.0,40.0,SYNTHETIC_NOT_MEASURED,
2026-07-15T14:12:00+08:00,26.22892,32.93444,10.0,712.87,10.0,25,ON,50,32.0,40.0,SYNTHETIC_NOT_MEASURED,
2026-07-15T14:13:00+08:00,26.2137,32.93714,10.0,710.8432,10.0,25,ON,50,32.0,40.0,SYNTHETIC_NOT_MEASURED,
2026-07-15T14:14:00+08:00,26.20999,32.93977,10.0,708.8029,10.0,25,ON,50,32.0,40.0,SYNTHETIC_NOT_MEASURED,
2026-07-15T14:15:00+08:00,26.11789,32.94236,10.0,706.7492,10.0,25,ON,50,32.0,40.0,SYNTHETIC_NOT_MEASURED,
2026-07-15T14:16:00+08:00,26.16888,32.94488,10.0,704.6819,10.0,25,ON,50,32.0,40.0,SYNTHETIC_NOT_MEASURED,
2026-07-15T14:17:00+08:00,26.10547,32.94735,10.0,702.6013,10.0,25,ON,50,32.0,40.0,SYNTHETIC_NOT_MEASURED,
2026-07-15T14:18:00+08:00,26.12915,32.94976,10.0,700.5073,10.0,25,ON,50,32.0,40.0,SYNTHETIC_NOT_MEASURED,
2026-07-15T14:19:00+08:00,26.08505,32.95212,10.0,698.3999,10.0,25,ON,50,32.0,40.0,SYNTHETIC_NOT_MEASURED,
2026-07-15T14:20:00+08:00,26.03779,32.95442,10.0,696.2792,10.0,25,ON,50,32.0,40.0,SYNTHETIC_NOT_MEASURED,
2026-07-15T14:21:00+08:00,25.99268,32.95667,10.0,694.1453,10.0,25,ON,50,32.0,40.0,SYNTHETIC_NOT_MEASURED,
2026-07-15T14:22:00+08:00,25.98694,32.95886,10.0,691.9982,10.0,25,ON,50,32.0,40.0,SYNTHETIC_NOT_MEASURED,
2026-07-15T14:23:00+08:00,25.99994,32.96099,10.0,689.8379,10.0,25,ON,50,32.0,40.0,SYNTHETIC_NOT_MEASURED,
2026-07-15T14:24:00+08:00,25.91096,32.96307,10.0,687.6644,10.0,25,ON,50,32.0,40.0,SYNTHETIC_NOT_MEASURED,
2026-07-15T14:25:00+08:00,25.86894,32.96508,10.0,685.4779,10.0,25,ON,50,32.0,40.0,SYNTHETIC_NOT_MEASURED,
2026-07-15T14:26:00+08:00,25.93895,32.96705,10.0,683.2783,10.0,25,ON,50,32.0,40.0,SYNTHETIC_NOT_MEASURED,
2026-07-15T14:27:00+08:00,25.88389,32.96895,10.0,681.0657,10.0,25,ON,50,32.0,40.0,SYNTHETIC_NOT_MEASURED,
2026-07-15T14:28:00+08:00,25.8991,32.9708,10.0,678.8402,10.0,25,ON,50,32.0,40.0,SYNTHETIC_NOT_MEASURED,
2026-07-15T14:29:00+08:00,25.79943,32.9726,10.0,676.6017,10.0,25,ON,50,32.0,40.0,SYNTHETIC_NOT_MEASURED,
2026-07-15T14:30:00+08:00,25.82388,32.97433,10.0,674.3503,10.0,25,ON,50,32.0,40.0,SYNTHETIC_NOT_MEASURED,
2026-07-15T14:31:00+08:00,25.7695,32.97601,10.0,672.0861,10.0,25,ON,50,32.0,40.0,SYNTHETIC_NOT_MEASURED,
2026-07-15T14:32:00+08:00,25.76291,32.97764,10.0,669.8091,10.0,25,ON,50,32.0,40.0,SYNTHETIC_NOT_MEASURED,
2026-07-15T14:33:00+08:00,25.77782,32.97921,10.0,667.5194,10.0,25,ON,50,32.0,40.0,SYNTHETIC_NOT_MEASURED,
2026-07-15T14:34:00+08:00,25.73066,32.98072,10.0,665.2169,10.0,25,ON,50,32.0,40.0,SYNTHETIC_NOT_MEASURED,
2026-07-15T14:35:00+08:00,25.7194,32.98217,10.0,662.9018,10.0,25,ON,50,32.0,40.0,SYNTHETIC_NOT_MEASURED,
2026-07-15T14:36:00+08:00,25.70229,32.98357,10.0,660.5741,10.0,25,ON,50,32.0,40.0,SYNTHETIC_NOT_MEASURED,
2026-07-15T14:37:00+08:00,25.67489,32.98491,10.0,658.2337,10.0,25,ON,50,32.0,40.0,SYNTHETIC_NOT_MEASURED,
2026-07-15T14:38:00+08:00,25.65626,32.98619,10.0,655.8809,10.0,25,ON,50,32.0,40.0,SYNTHETIC_NOT_MEASURED,
2026-07-15T14:39:00+08:00,25.63531,32.98741,10.0,653.5156,10.0,25,ON,50,32.0,40.0,SYNTHETIC_NOT_MEASURED,
2026-07-15T14:40:00+08:00,25.57492,32.98858,10.0,651.1378,10.0,25,ON,50,32.0,40.0,SYNTHETIC_NOT_MEASURED,
2026-07-15T14:41:00+08:00,25.57701,32.9897,10.0,648.7476,10.0,25,ON,50,32.0,40.0,SYNTHETIC_NOT_MEASURED,
2026-07-15T14:42:00+08:00,25.56339,32.99075,10.0,646.3451,10.0,25,ON,50,32.0,40.0,SYNTHETIC_NOT_MEASURED,
2026-07-15T14:43:00+08:00,25.50289,32.99175,10.0,643.9302,10.0,25,ON,50,32.0,40.0,SYNTHETIC_NOT_MEASURED,
2026-07-15T14:44:00+08:00,25.56846,32.99269,10.0,641.5031,10.0,25,ON,50,32.0,40.0,SYNTHETIC_NOT_MEASURED,
2026-07-15T14:45:00+08:00,25.52234,32.99358,10.0,639.0638,10.0,25,ON,50,32.0,40.0,SYNTHETIC_NOT_MEASURED,
2026-07-15T14:46:00+08:00,25.44731,32.9944,10.0,636.6124,10.0,25,ON,50,32.0,40.0,SYNTHETIC_NOT_MEASURED,
2026-07-15T14:47:00+08:00,25.45433,32.99518,10.0,634.1488,10.0,25,ON,50,32.0,40.0,SYNTHETIC_NOT_MEASURED,
2026-07-15T14:48:00+08:00,25.46953,32.99589,10.0,631.6731,10.0,25,ON,50,32.0,40.0,SYNTHETIC_NOT_MEASURED,
2026-07-15T14:49:00+08:00,25.4193,32.99655,10.0,629.1854,10.0,25,ON,50,32.0,40.0,SYNTHETIC_NOT_MEASURED,
2026-07-15T14:50:00+08:00,25.3848,32.99714,10.0,626.6857,10.0,25,ON,50,32.0,40.0,SYNTHETIC_NOT_MEASURED,
2026-07-15T14:51:00+08:00,25.3744,32.99769,10.0,624.1741,10.0,25,ON,50,32.0,40.0,SYNTHETIC_NOT_MEASURED,
2026-07-15T14:52:00+08:00,25.37878,32.99817,10.0,621.6506,10.0,25,ON,50,32.0,40.0,SYNTHETIC_NOT_MEASURED,
2026-07-15T14:53:00+08:00,25.30417,32.9986,10.0,619.1153,10.0,25,ON,50,32.0,40.0,SYNTHETIC_NOT_MEASURED,
2026-07-15T14:54:00+08:00,25.34374,32.99897,10.0,616.5682,10.0,25,ON,50,32.0,40.0,SYNTHETIC_NOT_MEASURED,
2026-07-15T14:55:00+08:00,25.28097,32.99929,10.0,614.0094,10.0,25,ON,50,32.0,40.0,SYNTHETIC_NOT_MEASURED,
2026-07-15T14:56:00+08:00,25.29915,32.99954,10.0,611.4388,10.0,25,ON,50,32.0,40.0,SYNTHETIC_NOT_MEASURED,
2026-07-15T14:57:00+08:00,25.25031,32.99974,10.0,608.8567,10.0,25,ON,50,32.0,40.0,SYNTHETIC_NOT_MEASURED,
2026-07-15T14:58:00+08:00,25.26301,32.99989,10.0,606.2629,10.0,25,ON,50,32.0,40.0,SYNTHETIC_NOT_MEASURED,
2026-07-15T14:59:00+08:00,25.21442,32.99997,10.0,603.6576,10.0,25,ON,50,32.0,40.0,SYNTHETIC_NOT_MEASURED,
2026-07-15T15:00:00+08:00,25.18137,33.0,0.0,601.0408,0.0,26,ON,50,0.0,0.0,SYNTHETIC_NOT_MEASURED,
2026-07-15T15:01:00+08:00,25.22103,32.99997,0.0,598.4125,0.0,26,ON,50,0.0,0.0,SYNTHETIC_NOT_MEASURED,
2026-07-15T15:02:00+08:00,25.19605,32.99989,0.0,595.7729,0.0,26,ON,50,0.0,0.0,SYNTHETIC_NOT_MEASURED,
2026-07-15T15:03:00+08:00,25.21139,32.99974,0.0,593.1219,0.0,26,ON,50,0.0,0.0,SYNTHETIC_NOT_MEASURED,
2026-07-15T15:04:00+08:00,25.27163,32.99954,0.0,590.4596,0.0,26,ON,50,0.0,0.0,SYNTHETIC_NOT_MEASURED,
2026-07-15T15:05:00+08:00,25.29951,32.99929,0.0,587.7861,0.0,26,ON,50,0.0,0.0,SYNTHETIC_NOT_MEASURED,
2026-07-15T15:06:00+08:00,25.30248,32.99897,0.0,585.1014,0.0,26,ON,50,0.0,0.0,SYNTHETIC_NOT_MEASURED,
2026-07-15T15:07:00+08:00,25.36861,32.9986,0.0,582.4055,0.0,26,ON,50,0.0,0.0,SYNTHETIC_NOT_MEASURED,
2026-07-15T15:08:00+08:00,25.39524,32.99817,0.0,579.6986,0.0,26,ON,50,0.0,0.0,SYNTHETIC_NOT_MEASURED,
2026-07-15T15:09:00+08:00,25.37173,32.99769,0.0,576.9806,0.0,26,ON,50,0.0,0.0,SYNTHETIC_NOT_MEASURED,
2026-07-15T15:10:00+08:00,25.38766,32.99714,0.0,574.2517,0.0,26,ON,50,0.0,0.0,SYNTHETIC_NOT_MEASURED,
2026-07-15T15:11:00+08:00,25.4126,32.99655,0.0,571.5118,0.0,26,ON,50,0.0,0.0,SYNTHETIC_NOT_MEASURED,
2026-07-15T15:12:00+08:00,25.46163,32.99589,0.0,568.761,0.0,26,ON,50,0.0,0.0,SYNTHETIC_NOT_MEASURED,
2026-07-15T15:13:00+08:00,25.45333,32.99518,0.0,565.9994,0.0,26,ON,50,0.0,0.0,SYNTHETIC_NOT_MEASURED,
2026-07-15T15:14:00+08:00,25.53329,32.9944,0.0,563.227,0.0,26,ON,50,0.0,0.0,SYNTHETIC_NOT_MEASURED,
2026-07-15T15:15:00+08:00,25.50689,32.99358,0.0,560.4439,0.0,26,ON,50,0.0,0.0,SYNTHETIC_NOT_MEASURED,
2026-07-15T15:16:00+08:00,25.55988,32.99269,0.0,557.6502,0.0,26,ON,50,0.0,0.0,SYNTHETIC_NOT_MEASURED,
2026-07-15T15:17:00+08:00,25.53789,32.99175,0.0,554.8458,0.0,26,ON,50,0.0,0.0,SYNTHETIC_NOT_MEASURED,
2026-07-15T15:18:00+08:00,25.53367,32.99075,0.0,552.0308,0.0,26,ON,50,0.0,0.0,SYNTHETIC_NOT_MEASURED,
2026-07-15T15:19:00+08:00,25.62646,32.9897,0.0,549.2054,0.0,26,ON,50,0.0,0.0,SYNTHETIC_NOT_MEASURED,
2026-07-15T15:20:00+08:00,25.62367,32.98858,0.0,546.3695,0.0,26,ON,50,0.0,0.0,SYNTHETIC_NOT_MEASURED,
2026-07-15T15:21:00+08:00,25.67475,32.98741,0.0,543.5232,0.0,26,ON,50,0.0,0.0,SYNTHETIC_NOT_MEASURED,
2026-07-15T15:22:00+08:00,25.70536,32.98619,0.0,540.6665,0.0,26,ON,50,0.0,0.0,SYNTHETIC_NOT_MEASURED,
2026-07-15T15:23:00+08:00,25.71473,32.98491,0.0,537.7995,0.0,26,ON,50,0.0,0.0,SYNTHETIC_NOT_MEASURED,
2026-07-15T15:24:00+08:00,25.74038,32.98357,0.0,534.9223,0.0,26,ON,50,0.0,0.0,SYNTHETIC_NOT_MEASURED,
2026-07-15T15:25:00+08:00,25.79107,32.98217,0.0,532.035,0.0,26,ON,50,0.0,0.0,SYNTHETIC_NOT_MEASURED,
2026-07-15T15:26:00+08:00,25.74379,32.98072,0.0,529.1374,0.0,26,ON,50,0.0,0.0,SYNTHETIC_NOT_MEASURED,
2026-07-15T15:27:00+08:00,25.81808,32.97921,0.0,526.2299,0.0,26,ON,50,0.0,0.0,SYNTHETIC_NOT_MEASURED,
2026-07-15T15:28:00+08:00,25.84561,32.97764,0.0,523.3123,0.0,26,ON,50,0.0,0.0,SYNTHETIC_NOT_MEASURED,
2026-07-15T15:29:00+08:00,25.82021,32.97601,0.0,520.3847,0.0,26,ON,50,0.0,0.0,SYNTHETIC_NOT_MEASURED,
2026-07-15T15:30:00+08:00,25.86594,32.97433,0.0,517.4472,0.0,26,ON,50,0.0,0.0,SYNTHETIC_NOT_MEASURED,
2026-07-15T15:31:00+08:00,25.86164,32.9726,0.0,514.4999,0.0,26,ON,50,0.0,0.0,SYNTHETIC_NOT_MEASURED,
2026-07-15T15:32:00+08:00,25.89306,32.9708,0.0,511.5428,0.0,26,ON,50,0.0,0.0,SYNTHETIC_NOT_MEASURED,
2026-07-15T15:33:00+08:00,25.92565,32.96895,0.0,508.5759,0.0,26,ON,50,0.0,0.0,SYNTHETIC_NOT_MEASURED,
2026-07-15T15:34:00+08:00,25.93787,32.96705,0.0,505.5994,0.0,26,ON,50,0.0,0.0,SYNTHETIC_NOT_MEASURED,
2026-07-15T15:35:00+08:00,25.91978,32.96508,0.0,502.6132,0.0,26,ON,50,0.0,0.0,SYNTHETIC_NOT_MEASURED,
2026-07-15T15:36:00+08:00,25.98242,32.96307,1.551959,499.6175,1.551959,26,ON,50,4.966269,6.207837,SYNTHETIC_NOT_MEASURED,
2026-07-15T15:37:00+08:00,25.96069,32.96099,4.733181,496.6122,4.733181,26,ON,50,15.14618,18.932726,SYNTHETIC_NOT_MEASURED,
2026-07-15T15:38:00+08:00,26.0162,32.95886,4.729144,493.5975,4.729144,26,ON,50,15.133259,18.916574,SYNTHETIC_NOT_MEASURED,
2026-07-15T15:39:00+08:00,26.0111,32.95667,4.725065,490.5734,4.725065,26,ON,50,15.120208,18.90026,SYNTHETIC_NOT_MEASURED,
2026-07-15T15:40:00+08:00,26.00464,32.95442,4.720946,487.54,4.720946,26,ON,50,15.107026,18.883782,SYNTHETIC_NOT_MEASURED,
2026-07-15T15:41:00+08:00,26.00898,32.95212,4.716786,484.4972,4.716786,26,ON,50,15.093714,18.867142,SYNTHETIC_NOT_MEASURED,
2026-07-15T15:42:00+08:00,25.99738,32.94976,4.712585,481.4453,4.712585,26,ON,50,15.080272,18.85034,SYNTHETIC_NOT_MEASURED,
2026-07-15T15:43:00+08:00,25.9778,32.94735,4.708344,478.3842,4.708344,26,ON,50,15.0667,18.833375,SYNTHETIC_NOT_MEASURED,
2026-07-15T15:44:00+08:00,25.97001,32.94488,4.704062,475.314,4.704062,26,ON,50,15.052999,18.816249,SYNTHETIC_NOT_MEASURED,
2026-07-15T15:45:00+08:00,25.99302,32.94236,4.69974,472.2347,4.69974,26,ON,50,15.039169,18.798962,SYNTHETIC_NOT_MEASURED,
2026-07-15T15:46:00+08:00,25.98205,32.93977,4.695378,469.1464,4.695378,26,ON,50,15.02521,18.781513,SYNTHETIC_NOT_MEASURED,
2026-07-15T15:47:00+08:00,26.03046,32.93714,4.690976,466.0492,4.690976,26,ON,50,15.011123,18.763904,SYNTHETIC_NOT_MEASURED,
2026-07-15T15:48:00+08:00,26.015,32.93444,4.686534,462.9432,4.686534,26,ON,50,14.996907,18.746134,SYNTHETIC_NOT_MEASURED,
2026-07-15T15:49:00+08:00,25.97407,32.93169,4.682051,459.8283,4.682051,26,ON,50,14.982564,18.728205,SYNTHETIC_NOT_MEASURED,
2026-07-15T15:50:00+08:00,26.01197,32.92889,4.677529,456.7047,4.677529,26,ON,50,14.968092,18.710115,SYNTHETIC_NOT_MEASURED,
2026-07-15T15:51:00+08:00,26.02722,32.92603,4.672967,453.5723,4.672967,26,ON,50,14.953493,18.691867,SYNTHETIC_NOT_MEASURED,
2026-07-15T15:52:00+08:00,25.98704,32.92311,4.668365,450.4314,4.668365,26,ON,50,14.938767,18.673459,SYNTHETIC_NOT_MEASURED,
2026-07-15T15:53:00+08:00,25.99081,32.92014,4.663723,447.2818,4.663723,26,ON,50,14.923914,18.654893,SYNTHETIC_NOT_MEASURED,
2026-07-15T15:54:00+08:00,26.02886,32.91711,4.659042,444.1238,4.659042,26,ON,50,14.908935,18.636168,SYNTHETIC_NOT_MEASURED,
2026-07-15T15:55:00+08:00,26.01955,32.91403,4.654321,440.9573,4.654321,26,ON,50,14.893829,18.617286,SYNTHETIC_NOT_MEASURED,
2026-07-15T15:56:00+08:00,25.98794,32.91089,4.649561,437.7824,4.649561,26,ON,50,14.878597,18.598246,SYNTHETIC_NOT_MEASURED,
2026-07-15T15:57:00+08:00,25.97824,32.90769,4.644762,434.5991,4.644762,26,ON,50,14.863239,18.579048,SYNTHETIC_NOT_MEASURED,
2026-07-15T15:58:00+08:00,25.98352,32.90444,4.639924,431.4076,4.639924,26,ON,50,14.847755,18.559694,SYNTHETIC_NOT_MEASURED,
2026-07-15T15:59:00+08:00,25.96333,32.90114,4.635046,428.2079,4.635046,26,ON,50,14.832147,18.540184,SYNTHETIC_NOT_MEASURED,
2026-07-15T16:00:00+08:00,26.01862,32.89778,4.630129,425.0,4.630129,26,ON,50,14.816414,18.520517,SYNTHETIC_NOT_MEASURED,
2026-07-15T16:01:00+08:00,25.99104,32.89436,4.625174,421.784,4.625174,26,ON,50,14.800556,18.500695,SYNTHETIC_NOT_MEASURED,
2026-07-15T16:02:00+08:00,26.02866,32.89089,4.620179,418.56,4.620179,26,ON,50,14.784573,18.480717,SYNTHETIC_NOT_MEASURED,
2026-07-15T16:03:00+08:00,25.9682,32.88737,4.615146,415.3281,4.615146,26,ON,50,14.768467,18.460584,SYNTHETIC_NOT_MEASURED,
2026-07-15T16:04:00+08:00,26.01275,32.88379,4.610074,412.0882,4.610074,26,ON,50,14.752237,18.440297,SYNTHETIC_NOT_MEASURED,
2026-07-15T16:05:00+08:00,26.05681,32.88015,4.604964,408.8405,4.604964,26,ON,50,14.735884,18.419855,SYNTHETIC_NOT_MEASURED,
2026-07-15T16:06:00+08:00,25.99616,32.87646,4.599815,405.5849,4.599815,26,ON,50,14.719408,18.39926,SYNTHETIC_NOT_MEASURED,
2026-07-15T16:07:00+08:00,25.9986,32.87271,4.594628,402.3217,4.594628,26,ON,50,14.702809,18.378511,SYNTHETIC_NOT_MEASURED,
2026-07-15T16:08:00+08:00,25.98887,32.86891,4.589402,399.0508,4.589402,26,ON,50,14.686088,18.357609,SYNTHETIC_NOT_MEASURED,
2026-07-15T16:09:00+08:00,26.00937,32.86506,4.584139,395.7723,4.584139,26,ON,50,14.669244,18.336555,SYNTHETIC_NOT_MEASURED,
2026-07-15T16:10:00+08:00,25.99279,32.86115,4.578837,392.4863,4.578837,26,ON,50,14.652279,18.315348,SYNTHETIC_NOT_MEASURED,
2026-07-15T16:11:00+08:00,25.9725,32.85719,4.573497,389.1928,4.573497,26,ON,50,14.635192,18.29399,SYNTHETIC_NOT_MEASURED,
2026-07-15T16:12:00+08:00,26.02215,32.85317,4.56812,385.8919,4.56812,26,ON,50,14.617984,18.27248,SYNTHETIC_NOT_MEASURED,
2026-07-15T16:13:00+08:00,26.01088,32.8491,4.562705,382.5837,4.562705,26,ON,50,14.600655,18.250819,SYNTHETIC_NOT_MEASURED,
2026-07-15T16:14:00+08:00,26.04238,32.84497,4.557252,379.2681,4.557252,26,ON,50,14.583206,18.229008,SYNTHETIC_NOT_MEASURED,
2026-07-15T16:15:00+08:00,26.04972,32.84079,4.551762,375.9454,4.551762,26,ON,50,14.565637,18.207046,SYNTHETIC_NOT_MEASURED,
2026-07-15T16:16:00+08:00,25.94535,32.83656,4.546234,372.6155,4.546234,26,ON,50,14.547948,18.184935,SYNTHETIC_NOT_MEASURED,
2026-07-15T16:17:00+08:00,25.95537,32.83227,4.540668,369.2785,4.540668,26,ON,50,14.530139,18.162674,SYNTHETIC_NOT_MEASURED,
2026-07-15T16:18:00+08:00,25.96997,32.82792,4.535066,365.9344,4.535066,26,ON,50,14.512211,18.140264,SYNTHETIC_NOT_MEASURED,
2026-07-15T16:19:00+08:00,26.02239,32.82353,4.529427,362.5834,4.529427,26,ON,50,14.494165,18.117706,SYNTHETIC_NOT_MEASURED,
2026-07-15T16:20:00+08:00,26.00439,32.81908,4.52375,359.2255,4.52375,26,ON,50,14.476,18.095,SYNTHETIC_NOT_MEASURED,
2026-07-15T16:21:00+08:00,26.01784,32.81457,4.518037,355.8608,4.518037,26,ON,50,14.457717,18.072146,SYNTHETIC_NOT_MEASURED,
2026-07-15T16:22:00+08:00,25.97932,32.81002,4.512286,352.4893,4.512286,26,ON,50,14.439316,18.049145,SYNTHETIC_NOT_MEASURED,
2026-07-15T16:23:00+08:00,25.98699,32.80541,4.506499,349.111,4.506499,26,ON,50,14.420798,18.025997,SYNTHETIC_NOT_MEASURED,
2026-07-15T16:24:00+08:00,26.00453,32.80074,4.500676,345.7261,4.500676,26,ON,50,14.402163,18.002703,SYNTHETIC_NOT_MEASURED,
2026-07-15T16:25:00+08:00,26.04579,32.79602,4.494816,342.3347,4.494816,26,ON,50,14.383411,17.979263,SYNTHETIC_NOT_MEASURED,
2026-07-15T16:26:00+08:00,26.01839,32.79125,4.488919,338.9367,4.488919,26,ON,50,14.364542,17.955678,SYNTHETIC_NOT_MEASURED,
2026-07-15T16:27:00+08:00,26.00792,32.78643,4.482987,335.5323,4.482987,26,ON,50,14.345558,17.931948,SYNTHETIC_NOT_MEASURED,
2026-07-15T16:28:00+08:00,26.02804,32.78155,4.477018,332.1215,4.477018,26,ON,50,14.326458,17.908073,SYNTHETIC_NOT_MEASURED,
2026-07-15T16:29:00+08:00,26.033,32.77662,4.471013,328.7043,4.471013,26,ON,50,14.307243,17.884054,SYNTHETIC_NOT_MEASURED,
2026-07-15T16:30:00+08:00,26.01684,32.77164,4.464973,325.2809,4.464973,26,ON,50,14.287913,17.859891,SYNTHETIC_NOT_MEASURED,
2026-07-15T16:31:00+08:00,25.94708,32.7666,4.458896,321.8513,4.458896,26,ON,50,14.268468,17.835585,SYNTHETIC_NOT_MEASURED,
2026-07-15T16:32:00+08:00,26.01023,32.76151,4.452784,318.4156,4.452784,26,ON,50,14.24891,17.811137,SYNTHETIC_NOT_MEASURED,
2026-07-15T16:33:00+08:00,26.0293,32.75637,4.446637,314.9738,4.446637,26,ON,50,14.229237,17.786546,SYNTHETIC_NOT_MEASURED,
2026-07-15T16:34:00+08:00,25.98751,32.75118,4.440454,311.526,4.440454,26,ON,50,14.209451,17.761814,SYNTHETIC_NOT_MEASURED,
2026-07-15T16:35:00+08:00,25.98787,32.74593,4.434235,308.0723,4.434235,26,ON,50,14.189552,17.73694,SYNTHETIC_NOT_MEASURED,
2026-07-15T16:36:00+08:00,26.01881,32.74064,4.427981,304.6128,4.427981,26,ON,50,14.169541,17.711926,SYNTHETIC_NOT_MEASURED,
2026-07-15T16:37:00+08:00,26.00017,32.73529,4.421693,301.1474,4.421693,26,ON,50,14.149417,17.686771,SYNTHETIC_NOT_MEASURED,
2026-07-15T16:38:00+08:00,26.00292,32.72988,4.415369,297.6763,4.415369,26,ON,50,14.129181,17.661477,SYNTHETIC_NOT_MEASURED,
2026-07-15T16:39:00+08:00,25.97015,32.72443,4.409011,294.1995,4.409011,26,ON,50,14.108834,17.636042,SYNTHETIC_NOT_MEASURED,
2026-07-15T16:40:00+08:00,25.96769,32.71892,4.402617,290.7171,4.402617,26,ON,50,14.088376,17.61047,SYNTHETIC_NOT_MEASURED,
2026-07-15T16:41:00+08:00,25.99883,32.71337,4.39619,287.2292,4.39619,26,ON,50,14.067807,17.584758,SYNTHETIC_NOT_MEASURED,
2026-07-15T16:42:00+08:00,26.01459,32.70776,4.389727,283.7358,4.389727,26,ON,50,14.047127,17.558909,SYNTHETIC_NOT_MEASURED,
2026-07-15T16:43:00+08:00,26.0268,32.70209,4.383231,280.237,4.383231,26,ON,50,14.026338,17.532922,SYNTHETIC_NOT_MEASURED,
2026-07-15T16:44:00+08:00,26.02214,32.69638,4.3767,276.7329,4.3767,26,ON,50,14.005439,17.506799,SYNTHETIC_NOT_MEASURED,
2026-07-15T16:45:00+08:00,26.01014,32.69062,4.370135,273.2235,4.370135,26,ON,50,13.984431,17.480539,SYNTHETIC_NOT_MEASURED,
2026-07-15T16:46:00+08:00,26.02346,32.6848,4.363536,269.709,4.363536,26,ON,50,13.963314,17.454143,SYNTHETIC_NOT_MEASURED,
2026-07-15T16:47:00+08:00,26.04829,32.67894,4.356903,266.1892,4.356903,26,ON,50,13.942089,17.427612,SYNTHETIC_NOT_MEASURED,
2026-07-15T16:48:00+08:00,26.0327,32.67302,4.350236,262.6644,4.350236,26,ON,50,13.920756,17.400945,SYNTHETIC_NOT_MEASURED,
2026-07-15T16:49:00+08:00,26.02015,32.66705,4.343536,259.1347,4.343536,26,ON,50,13.899316,17.374145,SYNTHETIC_NOT_MEASURED,
2026-07-15T16:50:00+08:00,26.00489,32.66103,4.336802,255.5999,4.336802,26,ON,50,13.877768,17.34721,SYNTHETIC_NOT_MEASURED,
2026-07-15T16:51:00+08:00,26.00257,32.65496,4.330035,252.0603,4.330035,26,ON,50,13.856114,17.320142,SYNTHETIC_NOT_MEASURED,
2026-07-15T16:52:00+08:00,26.01838,32.64884,4.323235,248.5159,4.323235,26,ON,50,13.834353,17.292941,SYNTHETIC_NOT_MEASURED,
2026-07-15T16:53:00+08:00,25.98672,32.64267,4.316402,244.9668,4.316402,26,ON,50,13.812486,17.265608,SYNTHETIC_NOT_MEASURED,
2026-07-15T16:54:00+08:00,25.92642,32.63645,4.309536,241.413,4.309536,26,ON,50,13.790514,17.238143,SYNTHETIC_NOT_MEASURED,
2026-07-15T16:55:00+08:00,26.01077,32.63018,4.302637,237.8547,4.302637,26,ON,50,13.768437,17.210546,SYNTHETIC_NOT_MEASURED,
2026-07-15T16:56:00+08:00,26.0137,32.62386,4.295705,234.2918,4.295705,26,ON,50,13.746255,17.182819,SYNTHETIC_NOT_MEASURED,
2026-07-15T16:57:00+08:00,25.96797,32.61749,4.28874,230.7244,4.28874,26,ON,50,13.72397,17.154962,SYNTHETIC_NOT_MEASURED,
2026-07-15T16:58:00+08:00,26.05064,32.61107,4.281744,227.1526,4.281744,26,ON,50,13.70158,17.126975,SYNTHETIC_NOT_MEASURED,
2026-07-15T16:59:00+08:00,25.99481,32.6046,4.274715,223.5765,4.274715,26,ON,50,13.679087,17.098858,SYNTHETIC_NOT_MEASURED,
2026-07-15T17:00:00+08:00,26.01215,32.59808,0.0,219.9962,0.0,,OFF,50,0.0,0.0,SYNTHETIC_NOT_MEASURED,
2026-07-15T17:01:00+08:00,26.02552,32.59151,0.0,216.4117,0.0,,OFF,50,0.0,0.0,SYNTHETIC_NOT_MEASURED,
2026-07-15T17:02:00+08:00,26.07286,32.58489,0.0,212.823,0.0,,OFF,50,0.0,0.0,SYNTHETIC_NOT_MEASURED,
2026-07-15T17:03:00+08:00,26.09017,32.57822,0.0,209.2303,0.0,,OFF,50,0.0,0.0,SYNTHETIC_NOT_MEASURED,
2026-07-15T17:04:00+08:00,26.08512,32.5715,0.0,205.6336,0.0,,OFF,50,0.0,0.0,SYNTHETIC_NOT_MEASURED,
2026-07-15T17:05:00+08:00,26.07427,32.56474,0.0,202.033,0.0,,OFF,50,0.0,0.0,SYNTHETIC_NOT_MEASURED,
2026-07-15T17:06:00+08:00,26.05726,32.55792,0.0,198.4286,0.0,,OFF,50,0.0,0.0,SYNTHETIC_NOT_MEASURED,
2026-07-15T17:07:00+08:00,26.18208,32.55106,0.0,194.8203,0.0,,OFF,50,0.0,0.0,SYNTHETIC_NOT_MEASURED,
2026-07-15T17:08:00+08:00,26.13121,32.54414,0.0,191.2084,0.0,,OFF,50,0.0,0.0,SYNTHETIC_NOT_MEASURED,
2026-07-15T17:09:00+08:00,26.16745,32.53718,0.0,187.5928,0.0,,OFF,50,0.0,0.0,SYNTHETIC_NOT_MEASURED,
2026-07-15T17:10:00+08:00,26.17372,32.53017,0.0,183.9737,0.0,,OFF,50,0.0,0.0,SYNTHETIC_NOT_MEASURED,
2026-07-15T17:11:00+08:00,26.22112,32.52312,0.0,180.351,0.0,,OFF,50,0.0,0.0,SYNTHETIC_NOT_MEASURED,
2026-07-15T17:12:00+08:00,26.19907,32.51601,0.0,176.7249,0.0,,OFF,50,0.0,0.0,SYNTHETIC_NOT_MEASURED,
2026-07-15T17:13:00+08:00,26.21704,32.50886,0.0,173.0955,0.0,,OFF,50,0.0,0.0,SYNTHETIC_NOT_MEASURED,
2026-07-15T17:14:00+08:00,26.22751,32.50166,0.0,169.4627,0.0,,OFF,50,0.0,0.0,SYNTHETIC_NOT_MEASURED,
2026-07-15T17:15:00+08:00,26.28999,32.49441,0.0,165.8268,0.0,,OFF,50,0.0,0.0,SYNTHETIC_NOT_MEASURED,
2026-07-15T17:16:00+08:00,26.32786,32.48711,0.0,162.1876,0.0,,OFF,50,0.0,0.0,SYNTHETIC_NOT_MEASURED,
2026-07-15T17:17:00+08:00,26.30409,32.47977,0.0,158.5454,0.0,,OFF,50,0.0,0.0,SYNTHETIC_NOT_MEASURED,
2026-07-15T17:18:00+08:00,26.30128,32.47238,0.0,154.9002,0.0,,OFF,50,0.0,0.0,SYNTHETIC_NOT_MEASURED,
2026-07-15T17:19:00+08:00,26.35038,32.46494,0.0,151.252,0.0,,OFF,50,0.0,0.0,SYNTHETIC_NOT_MEASURED,
2026-07-15T17:20:00+08:00,26.39923,32.45746,0.0,147.601,0.0,,OFF,50,0.0,0.0,SYNTHETIC_NOT_MEASURED,
2026-07-15T17:21:00+08:00,26.369,32.44992,0.0,143.9471,0.0,,OFF,50,0.0,0.0,SYNTHETIC_NOT_MEASURED,
2026-07-15T17:22:00+08:00,26.42057,32.44235,0.0,140.2905,0.0,,OFF,50,0.0,0.0,SYNTHETIC_NOT_MEASURED,
2026-07-15T17:23:00+08:00,26.36451,32.43472,0.0,136.6312,0.0,,OFF,50,0.0,0.0,SYNTHETIC_NOT_MEASURED,
2026-07-15T17:24:00+08:00,26.44214,32.42705,0.0,132.9693,0.0,,OFF,50,0.0,0.0,SYNTHETIC_NOT_MEASURED,
2026-07-15T17:25:00+08:00,26.4475,32.41933,0.0,129.3049,0.0,,OFF,50,0.0,0.0,SYNTHETIC_NOT_MEASURED,
2026-07-15T17:26:00+08:00,26.4902,32.41157,0.0,125.638,0.0,,OFF,50,0.0,0.0,SYNTHETIC_NOT_MEASURED,
2026-07-15T17:27:00+08:00,26.4901,32.40376,0.0,121.9687,0.0,,OFF,50,0.0,0.0,SYNTHETIC_NOT_MEASURED,
2026-07-15T17:28:00+08:00,26.50095,32.39591,0.0,118.2971,0.0,,OFF,50,0.0,0.0,SYNTHETIC_NOT_MEASURED,
2026-07-15T17:29:00+08:00,26.54399,32.38801,0.0,114.6233,0.0,,OFF,50,0.0,0.0,SYNTHETIC_NOT_MEASURED,
2026-07-15T17:30:00+08:00,26.52398,32.38006,0.0,110.9473,0.0,,OFF,50,0.0,0.0,SYNTHETIC_NOT_MEASURED,
2026-07-15T17:31:00+08:00,26.5617,32.37207,0.0,107.2691,0.0,,OFF,50,0.0,0.0,SYNTHETIC_NOT_MEASURED,
2026-07-15T17:32:00+08:00,26.56521,32.36403,0.0,103.5889,0.0,,OFF,50,0.0,0.0,SYNTHETIC_NOT_MEASURED,
2026-07-15T17:33:00+08:00,26.60621,32.35595,0.0,99.9068,0.0,,OFF,50,0.0,0.0,SYNTHETIC_NOT_MEASURED,
2026-07-15T17:34:00+08:00,26.65363,32.34782,0.0,96.2227,0.0,,OFF,50,0.0,0.0,SYNTHETIC_NOT_MEASURED,
2026-07-15T17:35:00+08:00,26.57299,32.33965,0.0,92.5368,0.0,,OFF,50,0.0,0.0,SYNTHETIC_NOT_MEASURED,
2026-07-15T17:36:00+08:00,26.65238,32.33144,0.0,88.8492,0.0,,OFF,50,0.0,0.0,SYNTHETIC_NOT_MEASURED,
2026-07-15T17:37:00+08:00,26.63655,32.32318,0.0,85.1599,0.0,,OFF,50,0.0,0.0,SYNTHETIC_NOT_MEASURED,
2026-07-15T17:38:00+08:00,26.66391,32.31487,0.0,81.4689,0.0,,OFF,50,0.0,0.0,SYNTHETIC_NOT_MEASURED,
2026-07-15T17:39:00+08:00,26.69666,32.30653,0.0,77.7764,0.0,,OFF,50,0.0,0.0,SYNTHETIC_NOT_MEASURED,
2026-07-15T17:40:00+08:00,26.68294,32.29813,0.0,74.0824,0.0,,OFF,50,0.0,0.0,SYNTHETIC_NOT_MEASURED,
2026-07-15T17:41:00+08:00,26.71934,32.2897,0.0,70.387,0.0,,OFF,50,0.0,0.0,SYNTHETIC_NOT_MEASURED,
2026-07-15T17:42:00+08:00,26.66262,32.28122,0.0,66.6902,0.0,,OFF,50,0.0,0.0,SYNTHETIC_NOT_MEASURED,
2026-07-15T17:43:00+08:00,26.70251,32.27269,0.0,62.9922,0.0,,OFF,50,0.0,0.0,SYNTHETIC_NOT_MEASURED,
2026-07-15T17:44:00+08:00,26.75016,32.26413,0.0,59.293,0.0,,OFF,50,0.0,0.0,SYNTHETIC_NOT_MEASURED,
2026-07-15T17:45:00+08:00,26.80103,32.25552,0.0,55.5927,0.0,,OFF,50,0.0,0.0,SYNTHETIC_NOT_MEASURED,
2026-07-15T17:46:00+08:00,26.82101,32.24687,0.0,51.8913,0.0,,OFF,50,0.0,0.0,SYNTHETIC_NOT_MEASURED,
2026-07-15T17:47:00+08:00,26.78761,32.23817,0.0,48.1889,0.0,,OFF,50,0.0,0.0,SYNTHETIC_NOT_MEASURED,
2026-07-15T17:48:00+08:00,26.85238,32.22943,0.0,44.4856,0.0,,OFF,50,0.0,0.0,SYNTHETIC_NOT_MEASURED,
2026-07-15T17:49:00+08:00,26.80894,32.22065,0.0,40.7814,0.0,,OFF,50,0.0,0.0,SYNTHETIC_NOT_MEASURED,
2026-07-15T17:50:00+08:00,26.87521,32.21183,0.0,37.0765,0.0,,OFF,50,0.0,0.0,SYNTHETIC_NOT_MEASURED,
2026-07-15T17:51:00+08:00,26.85185,32.20297,0.0,33.3708,0.0,,OFF,50,0.0,0.0,SYNTHETIC_NOT_MEASURED,
2026-07-15T17:52:00+08:00,26.88054,32.19406,0.0,29.6646,0.0,,OFF,50,0.0,0.0,SYNTHETIC_NOT_MEASURED,
2026-07-15T17:53:00+08:00,26.90651,32.18511,0.0,25.9577,0.0,,OFF,50,0.0,0.0,SYNTHETIC_NOT_MEASURED,
2026-07-15T17:54:00+08:00,26.93844,32.17612,0.0,22.2504,0.0,,OFF,50,0.0,0.0,SYNTHETIC_NOT_MEASURED,
2026-07-15T17:55:00+08:00,26.93289,32.16709,0.0,18.5427,0.0,,OFF,50,0.0,0.0,SYNTHETIC_NOT_MEASURED,
2026-07-15T17:56:00+08:00,26.95668,32.15802,0.0,14.8345,0.0,,OFF,50,0.0,0.0,SYNTHETIC_NOT_MEASURED,
2026-07-15T17:57:00+08:00,26.95483,32.14891,0.0,11.1262,0.0,,OFF,50,0.0,0.0,SYNTHETIC_NOT_MEASURED,
2026-07-15T17:58:00+08:00,26.9858,32.13975,0.0,7.4176,0.0,,OFF,50,0.0,0.0,SYNTHETIC_NOT_MEASURED,
2026-07-15T17:59:00+08:00,26.99234,32.13056,0.0,3.7088,0.0,,OFF,50,0.0,0.0,SYNTHETIC_NOT_MEASURED,
2026-07-15T18:00:00+08:00,27.0008,32.12132,10.0,0.0,10.0,25,ON,50,32.0,40.0,SYNTHETIC_NOT_MEASURED,
2026-07-15T18:01:00+08:00,27.0154,32.11204,10.0,0,10.0,25,ON,50,32.0,40.0,SYNTHETIC_NOT_MEASURED,
2026-07-15T18:02:00+08:00,26.93033,32.10273,10.0,0,10.0,25,ON,50,32.0,40.0,SYNTHETIC_NOT_MEASURED,
2026-07-15T18:03:00+08:00,26.84736,32.09337,10.0,0,10.0,25,ON,50,32.0,40.0,SYNTHETIC_NOT_MEASURED,
2026-07-15T18:04:00+08:00,26.89444,32.08398,10.0,0,10.0,25,ON,50,32.0,40.0,SYNTHETIC_NOT_MEASURED,
2026-07-15T18:05:00+08:00,26.83964,32.07454,10.0,0,10.0,25,ON,50,32.0,40.0,SYNTHETIC_NOT_MEASURED,
2026-07-15T18:06:00+08:00,26.82465,32.06506,10.0,0,10.0,25,ON,50,32.0,40.0,SYNTHETIC_NOT_MEASURED,
2026-07-15T18:07:00+08:00,26.76935,32.05555,10.0,0,10.0,25,ON,50,32.0,40.0,SYNTHETIC_NOT_MEASURED,
2026-07-15T18:08:00+08:00,26.71676,32.046,10.0,0,10.0,25,ON,50,32.0,40.0,SYNTHETIC_NOT_MEASURED,
2026-07-15T18:09:00+08:00,26.73424,32.0364,10.0,0,10.0,25,ON,50,32.0,40.0,SYNTHETIC_NOT_MEASURED,
2026-07-15T18:10:00+08:00,26.69656,32.02677,10.0,0,10.0,25,ON,50,32.0,40.0,SYNTHETIC_NOT_MEASURED,
2026-07-15T18:11:00+08:00,26.70295,32.0171,10.0,0,10.0,25,ON,50,32.0,40.0,SYNTHETIC_NOT_MEASURED,
2026-07-15T18:12:00+08:00,26.69141,32.00739,10.0,0,10.0,25,ON,50,32.0,40.0,SYNTHETIC_NOT_MEASURED,
2026-07-15T18:13:00+08:00,26.62793,31.99764,10.0,0,10.0,25,ON,50,32.0,40.0,SYNTHETIC_NOT_MEASURED,
2026-07-15T18:14:00+08:00,26.58022,31.98786,10.0,0,10.0,25,ON,50,32.0,40.0,SYNTHETIC_NOT_MEASURED,
2026-07-15T18:15:00+08:00,26.57347,31.97804,10.0,0,10.0,25,ON,50,32.0,40.0,SYNTHETIC_NOT_MEASURED,
2026-07-15T18:16:00+08:00,26.52757,31.96818,10.0,0,10.0,25,ON,50,32.0,40.0,SYNTHETIC_NOT_MEASURED,
2026-07-15T18:17:00+08:00,26.51469,31.95828,10.0,0,10.0,25,ON,50,32.0,40.0,SYNTHETIC_NOT_MEASURED,
2026-07-15T18:18:00+08:00,26.45721,31.94834,10.0,0,10.0,25,ON,50,32.0,40.0,SYNTHETIC_NOT_MEASURED,
2026-07-15T18:19:00+08:00,26.40794,31.93837,10.0,0,10.0,25,ON,50,32.0,40.0,SYNTHETIC_NOT_MEASURED,
2026-07-15T18:20:00+08:00,26.41777,31.92836,10.0,0,10.0,25,ON,50,32.0,40.0,SYNTHETIC_NOT_MEASURED,
2026-07-15T18:21:00+08:00,26.35587,31.91832,10.0,0,10.0,25,ON,50,32.0,40.0,SYNTHETIC_NOT_MEASURED,
2026-07-15T18:22:00+08:00,26.34269,31.90823,10.0,0,10.0,25,ON,50,32.0,40.0,SYNTHETIC_NOT_MEASURED,
2026-07-15T18:23:00+08:00,26.36896,31.89812,10.0,0,10.0,25,ON,50,32.0,40.0,SYNTHETIC_NOT_MEASURED,
2026-07-15T18:24:00+08:00,26.29007,31.88796,10.0,0,10.0,25,ON,50,32.0,40.0,SYNTHETIC_NOT_MEASURED,
2026-07-15T18:25:00+08:00,26.25508,31.87777,10.0,0,10.0,25,ON,50,32.0,40.0,SYNTHETIC_NOT_MEASURED,
2026-07-15T18:26:00+08:00,26.23769,31.86754,10.0,0,10.0,25,ON,50,32.0,40.0,SYNTHETIC_NOT_MEASURED,
2026-07-15T18:27:00+08:00,26.20913,31.85728,10.0,0,10.0,25,ON,50,32.0,40.0,SYNTHETIC_NOT_MEASURED,
2026-07-15T18:28:00+08:00,26.15401,31.84698,10.0,0,10.0,25,ON,50,32.0,40.0,SYNTHETIC_NOT_MEASURED,
2026-07-15T18:29:00+08:00,26.13111,31.83665,10.0,0,10.0,25,ON,50,32.0,40.0,SYNTHETIC_NOT_MEASURED,
2026-07-15T18:30:00+08:00,26.15836,31.82628,10.0,0,10.0,25,ON,50,32.0,40.0,SYNTHETIC_NOT_MEASURED,
2026-07-15T18:31:00+08:00,26.06127,31.81588,10.0,0,10.0,25,ON,50,32.0,40.0,SYNTHETIC_NOT_MEASURED,
2026-07-15T18:32:00+08:00,26.04235,31.80545,10.0,0,10.0,25,ON,50,32.0,40.0,SYNTHETIC_NOT_MEASURED,
2026-07-15T18:33:00+08:00,26.04191,31.79497,10.0,0,10.0,25,ON,50,32.0,40.0,SYNTHETIC_NOT_MEASURED,
2026-07-15T18:34:00+08:00,26.04169,31.78447,10.0,0,10.0,25,ON,50,32.0,40.0,SYNTHETIC_NOT_MEASURED,
2026-07-15T18:35:00+08:00,25.93766,31.77393,10.0,0,10.0,25,ON,50,32.0,40.0,SYNTHETIC_NOT_MEASURED,
2026-07-15T18:36:00+08:00,25.9469,31.76336,10.0,0,10.0,25,ON,50,32.0,40.0,SYNTHETIC_NOT_MEASURED,
2026-07-15T18:37:00+08:00,25.90905,31.75275,10.0,0,10.0,25,ON,50,32.0,40.0,SYNTHETIC_NOT_MEASURED,
2026-07-15T18:38:00+08:00,25.89649,31.74211,10.0,0,10.0,25,ON,50,32.0,40.0,SYNTHETIC_NOT_MEASURED,
2026-07-15T18:39:00+08:00,25.85721,31.73144,10.0,0,10.0,25,ON,50,32.0,40.0,SYNTHETIC_NOT_MEASURED,
2026-07-15T18:40:00+08:00,25.86741,31.72073,10.0,0,10.0,25,ON,50,32.0,40.0,SYNTHETIC_NOT_MEASURED,
2026-07-15T18:41:00+08:00,25.7745,31.70999,10.0,0,10.0,25,ON,50,32.0,40.0,SYNTHETIC_NOT_MEASURED,
2026-07-15T18:42:00+08:00,25.8056,31.69922,10.0,0,10.0,25,ON,50,32.0,40.0,SYNTHETIC_NOT_MEASURED,
2026-07-15T18:43:00+08:00,25.76271,31.68841,10.0,0,10.0,25,ON,50,32.0,40.0,SYNTHETIC_NOT_MEASURED,
2026-07-15T18:44:00+08:00,25.73694,31.67758,10.0,0,10.0,25,ON,50,32.0,40.0,SYNTHETIC_NOT_MEASURED,
2026-07-15T18:45:00+08:00,25.68425,31.66671,10.0,0,10.0,25,ON,50,32.0,40.0,SYNTHETIC_NOT_MEASURED,
2026-07-15T18:46:00+08:00,25.64711,31.65581,10.0,0,10.0,25,ON,50,32.0,40.0,SYNTHETIC_NOT_MEASURED,
2026-07-15T18:47:00+08:00,25.60992,31.64488,10.0,0,10.0,25,ON,50,32.0,40.0,SYNTHETIC_NOT_MEASURED,
2026-07-15T18:48:00+08:00,25.56086,31.63392,10.0,0,10.0,25,ON,50,32.0,40.0,SYNTHETIC_NOT_MEASURED,
2026-07-15T18:49:00+08:00,25.62077,31.62292,10.0,0,10.0,25,ON,50,32.0,40.0,SYNTHETIC_NOT_MEASURED,
2026-07-15T18:50:00+08:00,25.57061,31.6119,10.0,0,10.0,25,ON,50,32.0,40.0,SYNTHETIC_NOT_MEASURED,
2026-07-15T18:51:00+08:00,25.5398,31.60084,10.0,0,10.0,25,ON,50,32.0,40.0,SYNTHETIC_NOT_MEASURED,
2026-07-15T18:52:00+08:00,25.5175,31.58976,10.0,0,10.0,25,ON,50,32.0,40.0,SYNTHETIC_NOT_MEASURED,
2026-07-15T18:53:00+08:00,25.51711,31.57864,10.0,0,10.0,25,ON,50,32.0,40.0,SYNTHETIC_NOT_MEASURED,
2026-07-15T18:54:00+08:00,25.38593,31.5675,10.0,0,10.0,25,ON,50,32.0,40.0,SYNTHETIC_NOT_MEASURED,
2026-07-15T18:55:00+08:00,25.45252,31.55632,10.0,0,10.0,25,ON,50,32.0,40.0,SYNTHETIC_NOT_MEASURED,
2026-07-15T18:56:00+08:00,25.3761,31.54511,10.0,0,10.0,25,ON,50,32.0,40.0,SYNTHETIC_NOT_MEASURED,
2026-07-15T18:57:00+08:00,25.33633,31.53388,10.0,0,10.0,25,ON,50,32.0,40.0,SYNTHETIC_NOT_MEASURED,
2026-07-15T18:58:00+08:00,25.29536,31.52262,10.0,0,10.0,25,ON,50,32.0,40.0,SYNTHETIC_NOT_MEASURED,
2026-07-15T18:59:00+08:00,25.33825,31.51132,10.0,0,10.0,25,ON,50,32.0,40.0,SYNTHETIC_NOT_MEASURED,
2026-07-15T19:00:00+08:00,25.28152,31.5,10.0,0,10.0,25,ON,50,32.0,40.0,SYNTHETIC_NOT_MEASURED,
2026-07-15T19:01:00+08:00,25.21854,31.48865,10.0,0,10.0,25,ON,50,32.0,40.0,SYNTHETIC_NOT_MEASURED,
2026-07-15T19:02:00+08:00,25.2117,31.47727,10.0,0,10.0,25,ON,50,32.0,40.0,SYNTHETIC_NOT_MEASURED,
2026-07-15T19:03:00+08:00,25.16539,31.46586,10.0,0,10.0,25,ON,50,32.0,40.0,SYNTHETIC_NOT_MEASURED,
2026-07-15T19:04:00+08:00,25.14639,31.45443,10.0,0,10.0,25,ON,50,32.0,40.0,SYNTHETIC_NOT_MEASURED,
2026-07-15T19:05:00+08:00,25.1531,31.44297,10.0,0,10.0,25,ON,50,32.0,40.0,SYNTHETIC_NOT_MEASURED,
2026-07-15T19:06:00+08:00,25.11916,31.43148,10.0,0,10.0,25,ON,50,32.0,40.0,SYNTHETIC_NOT_MEASURED,
2026-07-15T19:07:00+08:00,25.09382,31.41996,10.0,0,10.0,25,ON,50,32.0,40.0,SYNTHETIC_NOT_MEASURED,
2026-07-15T19:08:00+08:00,25.06788,31.40841,10.0,0,10.0,25,ON,50,32.0,40.0,SYNTHETIC_NOT_MEASURED,
2026-07-15T19:09:00+08:00,24.99736,31.39684,10.0,0,10.0,25,ON,50,32.0,40.0,SYNTHETIC_NOT_MEASURED,
2026-07-15T19:10:00+08:00,24.98657,31.38525,5.674117,0,5.674117,25,ON,50,18.157176,22.69647,SYNTHETIC_NOT_MEASURED,
2026-07-15T19:11:00+08:00,25.01091,31.37362,3.933876,0,3.933876,25,ON,50,12.588403,15.735504,SYNTHETIC_NOT_MEASURED,
2026-07-15T19:12:00+08:00,25.01483,31.36197,3.927257,0,3.927257,25,ON,50,12.567221,15.709026,SYNTHETIC_NOT_MEASURED,
2026-07-15T19:13:00+08:00,24.97237,31.3503,3.920622,0,3.920622,25,ON,50,12.545991,15.682489,SYNTHETIC_NOT_MEASURED,
2026-07-15T19:14:00+08:00,24.9584,31.33859,3.913974,0,3.913974,25,ON,50,12.524715,15.655894,SYNTHETIC_NOT_MEASURED,
2026-07-15T19:15:00+08:00,24.98162,31.32687,3.90731,0,3.90731,25,ON,50,12.503393,15.629241,SYNTHETIC_NOT_MEASURED,
2026-07-15T19:16:00+08:00,24.99252,31.31511,3.900633,0,3.900633,25,ON,50,12.482024,15.602531,SYNTHETIC_NOT_MEASURED,
2026-07-15T19:17:00+08:00,24.99026,31.30334,3.893941,0,3.893941,25,ON,50,12.46061,15.575763,SYNTHETIC_NOT_MEASURED,
2026-07-15T19:18:00+08:00,24.97005,31.29153,3.887235,0,3.887235,25,ON,50,12.439151,15.548939,SYNTHETIC_NOT_MEASURED,
2026-07-15T19:19:00+08:00,24.99463,31.27971,3.880515,0,3.880515,25,ON,50,12.417648,15.52206,SYNTHETIC_NOT_MEASURED,
2026-07-15T19:20:00+08:00,25.03683,31.26785,3.873781,0,3.873781,25,ON,50,12.3961,15.495125,SYNTHETIC_NOT_MEASURED,
2026-07-15T19:21:00+08:00,24.95876,31.25598,3.867034,0,3.867034,25,ON,50,12.374508,15.468135,SYNTHETIC_NOT_MEASURED,
2026-07-15T19:22:00+08:00,25.02183,31.24408,3.860273,0,3.860273,25,ON,50,12.352872,15.44109,SYNTHETIC_NOT_MEASURED,
2026-07-15T19:23:00+08:00,24.99445,31.23216,3.853498,0,3.853498,25,ON,50,12.331194,15.413992,SYNTHETIC_NOT_MEASURED,
2026-07-15T19:24:00+08:00,24.9922,31.22021,3.84671,0,3.84671,25,ON,50,12.309473,15.386841,SYNTHETIC_NOT_MEASURED,
2026-07-15T19:25:00+08:00,24.99449,31.20824,3.839909,0,3.839909,25,ON,50,12.287709,15.359637,SYNTHETIC_NOT_MEASURED,
2026-07-15T19:26:00+08:00,24.95778,31.19625,3.833095,0,3.833095,25,ON,50,12.265904,15.33238,SYNTHETIC_NOT_MEASURED,
2026-07-15T19:27:00+08:00,24.99105,31.18423,3.826268,0,3.826268,25,ON,50,12.244057,15.305072,SYNTHETIC_NOT_MEASURED,
2026-07-15T19:28:00+08:00,25.05646,31.17219,3.819428,0,3.819428,25,ON,50,12.22217,15.277712,SYNTHETIC_NOT_MEASURED,
2026-07-15T19:29:00+08:00,25.00127,31.16013,3.812576,0,3.812576,25,ON,50,12.200242,15.250302,SYNTHETIC_NOT_MEASURED,
2026-07-15T19:30:00+08:00,25.00609,31.14805,0.0,0,0.0,27,ON,50,0.0,0.0,SYNTHETIC_NOT_MEASURED,
2026-07-15T19:31:00+08:00,25.00676,31.13595,0.0,0,0.0,27,ON,50,0.0,0.0,SYNTHETIC_NOT_MEASURED,
2026-07-15T19:32:00+08:00,25.0343,31.12382,0.0,0,0.0,27,ON,50,0.0,0.0,SYNTHETIC_NOT_MEASURED,
2026-07-15T19:33:00+08:00,25.04609,31.11167,0.0,0,0.0,27,ON,50,0.0,0.0,SYNTHETIC_NOT_MEASURED,
2026-07-15T19:34:00+08:00,25.07335,31.0995,0.0,0,0.0,27,ON,50,0.0,0.0,SYNTHETIC_NOT_MEASURED,
2026-07-15T19:35:00+08:00,25.07613,31.08731,0.0,0,0.0,27,ON,50,0.0,0.0,SYNTHETIC_NOT_MEASURED,
2026-07-15T19:36:00+08:00,25.09487,31.0751,0.0,0,0.0,27,ON,50,0.0,0.0,SYNTHETIC_NOT_MEASURED,
2026-07-15T19:37:00+08:00,25.12422,31.06287,0.0,0,0.0,27,ON,50,0.0,0.0,SYNTHETIC_NOT_MEASURED,
2026-07-15T19:38:00+08:00,25.16097,31.05062,0.0,0,0.0,27,ON,50,0.0,0.0,SYNTHETIC_NOT_MEASURED,
2026-07-15T19:39:00+08:00,25.1274,31.03835,0.0,0,0.0,27,ON,50,0.0,0.0,SYNTHETIC_NOT_MEASURED,
2026-07-15T19:40:00+08:00,25.15001,31.02606,0.0,0,0.0,27,ON,50,0.0,0.0,SYNTHETIC_NOT_MEASURED,
2026-07-15T19:41:00+08:00,25.1756,31.01375,0.0,0,0.0,27,ON,50,0.0,0.0,SYNTHETIC_NOT_MEASURED,
2026-07-15T19:42:00+08:00,25.17164,31.00142,0.0,0,0.0,27,ON,50,0.0,0.0,SYNTHETIC_NOT_MEASURED,
2026-07-15T19:43:00+08:00,25.2074,30.98907,0.0,0,0.0,27,ON,50,0.0,0.0,SYNTHETIC_NOT_MEASURED,
2026-07-15T19:44:00+08:00,25.2578,30.9767,0.0,0,0.0,27,ON,50,0.0,0.0,SYNTHETIC_NOT_MEASURED,
2026-07-15T19:45:00+08:00,25.26524,30.96432,0.0,0,0.0,27,ON,50,0.0,0.0,SYNTHETIC_NOT_MEASURED,
2026-07-15T19:46:00+08:00,25.28019,30.95191,0.0,0,0.0,27,ON,50,0.0,0.0,SYNTHETIC_NOT_MEASURED,
2026-07-15T19:47:00+08:00,25.29402,30.93949,0.0,0,0.0,27,ON,50,0.0,0.0,SYNTHETIC_NOT_MEASURED,
2026-07-15T19:48:00+08:00,25.25139,30.92705,0.0,0,0.0,27,ON,50,0.0,0.0,SYNTHETIC_NOT_MEASURED,
2026-07-15T19:49:00+08:00,25.34573,30.91459,0.0,0,0.0,27,ON,50,0.0,0.0,SYNTHETIC_NOT_MEASURED,
2026-07-15T19:50:00+08:00,25.30893,30.90212,0.0,0,0.0,27,ON,50,0.0,0.0,SYNTHETIC_NOT_MEASURED,
2026-07-15T19:51:00+08:00,25.35209,30.88962,0.0,0,0.0,27,ON,50,0.0,0.0,SYNTHETIC_NOT_MEASURED,
2026-07-15T19:52:00+08:00,25.31109,30.87712,0.0,0,0.0,27,ON,50,0.0,0.0,SYNTHETIC_NOT_MEASURED,
2026-07-15T19:53:00+08:00,25.36096,30.86459,0.0,0,0.0,27,ON,50,0.0,0.0,SYNTHETIC_NOT_MEASURED,
2026-07-15T19:54:00+08:00,25.38889,30.85205,0.0,0,0.0,27,ON,50,0.0,0.0,SYNTHETIC_NOT_MEASURED,
2026-07-15T19:55:00+08:00,25.41595,30.83949,0.0,0,0.0,27,ON,50,0.0,0.0,SYNTHETIC_NOT_MEASURED,
2026-07-15T19:56:00+08:00,25.42483,30.82691,0.0,0,0.0,27,ON,50,0.0,0.0,SYNTHETIC_NOT_MEASURED,
2026-07-15T19:57:00+08:00,25.43767,30.81432,0.0,0,0.0,27,ON,50,0.0,0.0,SYNTHETIC_NOT_MEASURED,
2026-07-15T19:58:00+08:00,25.39449,30.80172,0.0,0,0.0,27,ON,50,0.0,0.0,SYNTHETIC_NOT_MEASURED,
2026-07-15T19:59:00+08:00,25.46133,30.78909,0.0,0,0.0,27,ON,50,0.0,0.0,SYNTHETIC_NOT_MEASURED,
2026-07-15T20:00:00+08:00,25.49466,30.77646,0.0,0,0.0,27,ON,50,0.0,0.0,SYNTHETIC_NOT_MEASURED,
2026-07-15T20:01:00+08:00,25.50917,30.76381,0.0,0,0.0,27,ON,50,0.0,0.0,SYNTHETIC_NOT_MEASURED,
2026-07-15T20:02:00+08:00,25.57004,30.75114,0.0,0,0.0,27,ON,50,0.0,0.0,SYNTHETIC_NOT_MEASURED,
2026-07-15T20:03:00+08:00,25.53526,30.73846,0.0,0,0.0,27,ON,50,0.0,0.0,SYNTHETIC_NOT_MEASURED,
2026-07-15T20:04:00+08:00,25.52419,30.72577,0.0,0,0.0,27,ON,50,0.0,0.0,SYNTHETIC_NOT_MEASURED,
2026-07-15T20:05:00+08:00,25.54924,30.71306,0.0,0,0.0,27,ON,50,0.0,0.0,SYNTHETIC_NOT_MEASURED,
2026-07-15T20:06:00+08:00,25.57277,30.70034,0.0,0,0.0,27,ON,50,0.0,0.0,SYNTHETIC_NOT_MEASURED,
2026-07-15T20:07:00+08:00,25.55586,30.6876,0.0,0,0.0,27,ON,50,0.0,0.0,SYNTHETIC_NOT_MEASURED,
2026-07-15T20:08:00+08:00,25.60298,30.67485,0.0,0,0.0,27,ON,50,0.0,0.0,SYNTHETIC_NOT_MEASURED,
2026-07-15T20:09:00+08:00,25.60714,30.66209,0.0,0,0.0,27,ON,50,0.0,0.0,SYNTHETIC_NOT_MEASURED,
2026-07-15T20:10:00+08:00,25.65272,30.64932,0.0,0,0.0,27,ON,50,0.0,0.0,SYNTHETIC_NOT_MEASURED,
2026-07-15T20:11:00+08:00,25.67199,30.63653,0.0,0,0.0,27,ON,50,0.0,0.0,SYNTHETIC_NOT_MEASURED,
2026-07-15T20:12:00+08:00,25.67856,30.62374,0.0,0,0.0,27,ON,50,0.0,0.0,SYNTHETIC_NOT_MEASURED,
2026-07-15T20:13:00+08:00,25.68079,30.61093,0.0,0,0.0,27,ON,50,0.0,0.0,SYNTHETIC_NOT_MEASURED,
2026-07-15T20:14:00+08:00,25.71808,30.5981,0.0,0,0.0,27,ON,50,0.0,0.0,SYNTHETIC_NOT_MEASURED,
2026-07-15T20:15:00+08:00,25.6899,30.58527,0.0,0,0.0,27,ON,50,0.0,0.0,SYNTHETIC_NOT_MEASURED,
2026-07-15T20:16:00+08:00,25.68785,30.57243,0.0,0,0.0,27,ON,50,0.0,0.0,SYNTHETIC_NOT_MEASURED,
2026-07-15T20:17:00+08:00,25.66734,30.55957,0.0,0,0.0,27,ON,50,0.0,0.0,SYNTHETIC_NOT_MEASURED,
2026-07-15T20:18:00+08:00,25.73465,30.54671,0.0,0,0.0,27,ON,50,0.0,0.0,SYNTHETIC_NOT_MEASURED,
2026-07-15T20:19:00+08:00,25.79422,30.53383,0.0,0,0.0,27,ON,50,0.0,0.0,SYNTHETIC_NOT_MEASURED,
2026-07-15T20:20:00+08:00,25.81224,30.52094,0.0,0,0.0,27,ON,50,0.0,0.0,SYNTHETIC_NOT_MEASURED,
2026-07-15T20:21:00+08:00,25.80127,30.50805,0.0,0,0.0,27,ON,50,0.0,0.0,SYNTHETIC_NOT_MEASURED,
2026-07-15T20:22:00+08:00,25.78076,30.49514,0.0,0,0.0,27,ON,50,0.0,0.0,SYNTHETIC_NOT_MEASURED,
2026-07-15T20:23:00+08:00,25.82328,30.48223,0.0,0,0.0,27,ON,50,0.0,0.0,SYNTHETIC_NOT_MEASURED,
2026-07-15T20:24:00+08:00,25.80931,30.4693,0.0,0,0.0,27,ON,50,0.0,0.0,SYNTHETIC_NOT_MEASURED,
2026-07-15T20:25:00+08:00,25.85423,30.45637,0.0,0,0.0,27,ON,50,0.0,0.0,SYNTHETIC_NOT_MEASURED,
2026-07-15T20:26:00+08:00,25.81693,30.44343,0.0,0,0.0,27,ON,50,0.0,0.0,SYNTHETIC_NOT_MEASURED,
2026-07-15T20:27:00+08:00,25.84293,30.43048,0.0,0,0.0,27,ON,50,0.0,0.0,SYNTHETIC_NOT_MEASURED,
2026-07-15T20:28:00+08:00,25.90499,30.41752,0.0,0,0.0,27,ON,50,0.0,0.0,SYNTHETIC_NOT_MEASURED,
2026-07-15T20:29:00+08:00,25.86538,30.40455,0.0,0,0.0,27,ON,50,0.0,0.0,SYNTHETIC_NOT_MEASURED,
2026-07-15T20:30:00+08:00,25.87832,30.39158,0.0,0,0.0,26,ON,50,0.0,0.0,SYNTHETIC_NOT_MEASURED,
2026-07-15T20:31:00+08:00,25.89057,30.3786,0.0,0,0.0,26,ON,50,0.0,0.0,SYNTHETIC_NOT_MEASURED,
2026-07-15T20:32:00+08:00,25.93585,30.36561,0.0,0,0.0,26,ON,50,0.0,0.0,SYNTHETIC_NOT_MEASURED,
2026-07-15T20:33:00+08:00,25.94444,30.35261,0.0,0,0.0,26,ON,50,0.0,0.0,SYNTHETIC_NOT_MEASURED,
2026-07-15T20:34:00+08:00,25.96085,30.33961,0.0,0,0.0,26,ON,50,0.0,0.0,SYNTHETIC_NOT_MEASURED,
2026-07-15T20:35:00+08:00,25.95225,30.3266,0.0,0,0.0,26,ON,50,0.0,0.0,SYNTHETIC_NOT_MEASURED,
2026-07-15T20:36:00+08:00,25.99586,30.31359,0.0,0,0.0,26,ON,50,0.0,0.0,SYNTHETIC_NOT_MEASURED,
2026-07-15T20:37:00+08:00,26.00482,30.30056,0.0,0,0.0,26,ON,50,0.0,0.0,SYNTHETIC_NOT_MEASURED,
2026-07-15T20:38:00+08:00,25.96021,30.28754,0.241182,0,0.241182,26,ON,50,0.771781,0.964727,SYNTHETIC_NOT_MEASURED,
2026-07-15T20:39:00+08:00,25.99327,30.2745,2.741196,0,2.741196,26,ON,50,8.771827,10.964784,SYNTHETIC_NOT_MEASURED,
2026-07-15T20:40:00+08:00,26.02904,30.26147,2.733788,0,2.733788,26,ON,50,8.748122,10.935153,SYNTHETIC_NOT_MEASURED,
2026-07-15T20:41:00+08:00,25.99591,30.24842,2.726378,0,2.726378,26,ON,50,8.724408,10.905511,SYNTHETIC_NOT_MEASURED,
2026-07-15T20:42:00+08:00,26.0095,30.23538,2.718964,0,2.718964,26,ON,50,8.700686,10.875857,SYNTHETIC_NOT_MEASURED,
2026-07-15T20:43:00+08:00,26.01915,30.22233,2.711549,0,2.711549,26,ON,50,8.676955,10.846194,SYNTHETIC_NOT_MEASURED,
2026-07-15T20:44:00+08:00,25.98829,30.20927,2.70413,0,2.70413,26,ON,50,8.653217,10.816521,SYNTHETIC_NOT_MEASURED,
2026-07-15T20:45:00+08:00,25.97049,30.19621,2.69671,0,2.69671,26,ON,50,8.629472,10.78684,SYNTHETIC_NOT_MEASURED,
2026-07-15T20:46:00+08:00,26.02499,30.18315,2.689287,0,2.689287,26,ON,50,8.605719,10.757149,SYNTHETIC_NOT_MEASURED,
2026-07-15T20:47:00+08:00,25.99727,30.17008,2.681863,0,2.681863,26,ON,50,8.581961,10.727451,SYNTHETIC_NOT_MEASURED,
2026-07-15T20:48:00+08:00,25.99128,30.15701,2.674436,0,2.674436,26,ON,50,8.558196,10.697745,SYNTHETIC_NOT_MEASURED,
2026-07-15T20:49:00+08:00,25.94313,30.14393,2.667008,0,2.667008,26,ON,50,8.534426,10.668033,SYNTHETIC_NOT_MEASURED,
2026-07-15T20:50:00+08:00,25.98471,30.13086,2.659579,0,2.659579,26,ON,50,8.510651,10.638314,SYNTHETIC_NOT_MEASURED,
2026-07-15T20:51:00+08:00,25.96634,30.11778,2.652147,0,2.652147,26,ON,50,8.486872,10.60859,SYNTHETIC_NOT_MEASURED,
2026-07-15T20:52:00+08:00,25.99931,30.1047,2.644715,0,2.644715,26,ON,50,8.463088,10.57886,SYNTHETIC_NOT_MEASURED,
2026-07-15T20:53:00+08:00,26.03115,30.09162,2.637282,0,2.637282,26,ON,50,8.439301,10.549126,SYNTHETIC_NOT_MEASURED,
2026-07-15T20:54:00+08:00,25.99837,30.07853,2.629847,0,2.629847,26,ON,50,8.415511,10.519388,SYNTHETIC_NOT_MEASURED,
2026-07-15T20:55:00+08:00,25.97731,30.06544,2.622412,0,2.622412,26,ON,50,8.391718,10.489647,SYNTHETIC_NOT_MEASURED,
2026-07-15T20:56:00+08:00,26.03326,30.05236,2.614976,0,2.614976,26,ON,50,8.367922,10.459903,SYNTHETIC_NOT_MEASURED,
2026-07-15T20:57:00+08:00,25.96476,30.03927,2.607539,0,2.607539,26,ON,50,8.344125,10.430156,SYNTHETIC_NOT_MEASURED,
2026-07-15T20:58:00+08:00,25.99028,30.02618,2.600102,0,2.600102,26,ON,50,8.320327,10.400408,SYNTHETIC_NOT_MEASURED,
2026-07-15T20:59:00+08:00,25.98008,30.01309,2.592665,0,2.592665,26,ON,50,8.296527,10.370659,SYNTHETIC_NOT_MEASURED,
2026-07-15T21:00:00+08:00,25.98371,30.0,2.585227,0,2.585227,26,ON,50,8.272727,10.340909,SYNTHETIC_NOT_MEASURED,
2026-07-15T21:01:00+08:00,25.99923,29.98691,2.57779,0,2.57779,26,ON,50,8.248927,10.311159,SYNTHETIC_NOT_MEASURED,
2026-07-15T21:02:00+08:00,25.98759,29.97382,2.570352,0,2.570352,26,ON,50,8.225128,10.28141,SYNTHETIC_NOT_MEASURED,
2026-07-15T21:03:00+08:00,26.00891,29.96073,2.562915,0,2.562915,26,ON,50,8.201329,10.251662,SYNTHETIC_NOT_MEASURED,
2026-07-15T21:04:00+08:00,26.03132,29.94764,2.555479,0,2.555479,26,ON,50,8.177532,10.221915,SYNTHETIC_NOT_MEASURED,
2026-07-15T21:05:00+08:00,26.02897,29.93456,2.548043,0,2.548043,26,ON,50,8.153737,10.192171,SYNTHETIC_NOT_MEASURED,
2026-07-15T21:06:00+08:00,26.00231,29.92147,2.540607,0,2.540607,26,ON,50,8.129944,10.16243,SYNTHETIC_NOT_MEASURED,
2026-07-15T21:07:00+08:00,26.01899,29.90838,2.533173,0,2.533173,26,ON,50,8.106154,10.132692,SYNTHETIC_NOT_MEASURED,
2026-07-15T21:08:00+08:00,26.05246,29.8953,2.525739,0,2.525739,26,ON,50,8.082366,10.102958,SYNTHETIC_NOT_MEASURED,
2026-07-15T21:09:00+08:00,25.97159,29.88222,2.518307,0,2.518307,26,ON,50,8.058583,10.073229,SYNTHETIC_NOT_MEASURED,
2026-07-15T21:10:00+08:00,26.00099,29.86914,2.510876,0,2.510876,26,ON,50,8.034803,10.043504,SYNTHETIC_NOT_MEASURED,
2026-07-15T21:11:00+08:00,26.01389,29.85607,2.503446,0,2.503446,26,ON,50,8.011028,10.013785,SYNTHETIC_NOT_MEASURED,
2026-07-15T21:12:00+08:00,26.01056,29.84299,2.496018,0,2.496018,26,ON,50,7.987258,9.984073,SYNTHETIC_NOT_MEASURED,
2026-07-15T21:13:00+08:00,25.98852,29.82992,2.488592,0,2.488592,26,ON,50,7.963494,9.954367,SYNTHETIC_NOT_MEASURED,
2026-07-15T21:14:00+08:00,25.98324,29.81685,2.481167,0,2.481167,26,ON,50,7.939735,9.924669,SYNTHETIC_NOT_MEASURED,
2026-07-15T21:15:00+08:00,25.99139,29.80379,2.473745,0,2.473745,26,ON,50,7.915983,9.894979,SYNTHETIC_NOT_MEASURED,
2026-07-15T21:16:00+08:00,25.98324,29.79073,2.466324,0,2.466324,26,ON,50,7.892237,9.865297,SYNTHETIC_NOT_MEASURED,
2026-07-15T21:17:00+08:00,26.01613,29.77767,2.458906,0,2.458906,26,ON,50,7.868499,9.835624,SYNTHETIC_NOT_MEASURED,
2026-07-15T21:18:00+08:00,26.01333,29.76462,2.45149,0,2.45149,26,ON,50,7.844769,9.805961,SYNTHETIC_NOT_MEASURED,
2026-07-15T21:19:00+08:00,26.00294,29.75158,2.444077,0,2.444077,26,ON,50,7.821046,9.776308,SYNTHETIC_NOT_MEASURED,
2026-07-15T21:20:00+08:00,26.05301,29.73853,2.436666,0,2.436666,26,ON,50,7.797332,9.746665,SYNTHETIC_NOT_MEASURED,
2026-07-15T21:21:00+08:00,26.00526,29.7255,2.429259,0,2.429259,26,ON,50,7.773628,9.717034,SYNTHETIC_NOT_MEASURED,
2026-07-15T21:22:00+08:00,26.03155,29.71246,2.421854,0,2.421854,26,ON,50,7.749932,9.687415,SYNTHETIC_NOT_MEASURED,
2026-07-15T21:23:00+08:00,25.99782,29.69944,2.414452,0,2.414452,26,ON,50,7.726247,9.657809,SYNTHETIC_NOT_MEASURED,
2026-07-15T21:24:00+08:00,26.01275,29.68641,2.407054,0,2.407054,26,ON,50,7.702572,9.628215,SYNTHETIC_NOT_MEASURED,
2026-07-15T21:25:00+08:00,25.99997,29.6734,2.399659,0,2.399659,26,ON,50,7.678908,9.598635,SYNTHETIC_NOT_MEASURED,
2026-07-15T21:26:00+08:00,26.03701,29.66039,2.392267,0,2.392267,26,ON,50,7.655255,9.569069,SYNTHETIC_NOT_MEASURED,
2026-07-15T21:27:00+08:00,26.06474,29.64739,2.384879,0,2.384879,26,ON,50,7.631614,9.539518,SYNTHETIC_NOT_MEASURED,
2026-07-15T21:28:00+08:00,25.92573,29.63439,2.377495,0,2.377495,26,ON,50,7.607985,9.509982,SYNTHETIC_NOT_MEASURED,
2026-07-15T21:29:00+08:00,26.00184,29.6214,2.370115,0,2.370115,26,ON,50,7.584369,9.480462,SYNTHETIC_NOT_MEASURED,
2026-07-15T21:30:00+08:00,26.06498,29.60842,2.362739,0,2.362739,26,ON,50,7.560766,9.450958,SYNTHETIC_NOT_MEASURED,
2026-07-15T21:31:00+08:00,25.98298,29.59545,2.355368,0,2.355368,26,ON,50,7.537177,9.421471,SYNTHETIC_NOT_MEASURED,
2026-07-15T21:32:00+08:00,25.98654,29.58248,2.348,0,2.348,26,ON,50,7.513601,9.392002,SYNTHETIC_NOT_MEASURED,
2026-07-15T21:33:00+08:00,26.01224,29.56952,2.340638,0,2.340638,26,ON,50,7.49004,9.36255,SYNTHETIC_NOT_MEASURED,
2026-07-15T21:34:00+08:00,25.99509,29.55657,2.333279,0,2.333279,26,ON,50,7.466494,9.333118,SYNTHETIC_NOT_MEASURED,
2026-07-15T21:35:00+08:00,26.01178,29.54363,2.325926,0,2.325926,26,ON,50,7.442963,9.303704,SYNTHETIC_NOT_MEASURED,
2026-07-15T21:36:00+08:00,26.03021,29.5307,2.318578,0,2.318578,26,ON,50,7.419448,9.27431,SYNTHETIC_NOT_MEASURED,
2026-07-15T21:37:00+08:00,26.03848,29.51777,2.311234,0,2.311234,26,ON,50,7.39595,9.244937,SYNTHETIC_NOT_MEASURED,
2026-07-15T21:38:00+08:00,25.99302,29.50486,2.303896,0,2.303896,26,ON,50,7.372468,9.215585,SYNTHETIC_NOT_MEASURED,
2026-07-15T21:39:00+08:00,26.00766,29.49195,2.296563,0,2.296563,26,ON,50,7.349003,9.186253,SYNTHETIC_NOT_MEASURED,
2026-07-15T21:40:00+08:00,25.96321,29.47906,2.289236,0,2.289236,26,ON,50,7.325555,9.156944,SYNTHETIC_NOT_MEASURED,
2026-07-15T21:41:00+08:00,26.00739,29.46617,2.281914,0,2.281914,26,ON,50,7.302126,9.127658,SYNTHETIC_NOT_MEASURED,
2026-07-15T21:42:00+08:00,25.9892,29.45329,2.274599,0,2.274599,26,ON,50,7.278715,9.098394,SYNTHETIC_NOT_MEASURED,
2026-07-15T21:43:00+08:00,26.02056,29.44043,2.267289,0,2.267289,26,ON,50,7.255323,9.069154,SYNTHETIC_NOT_MEASURED,
2026-07-15T21:44:00+08:00,26.01085,29.42757,2.259985,0,2.259985,26,ON,50,7.231951,9.039939,SYNTHETIC_NOT_MEASURED,
2026-07-15T21:45:00+08:00,26.01549,29.41473,2.252687,0,2.252687,26,ON,50,7.208598,9.010748,SYNTHETIC_NOT_MEASURED,
2026-07-15T21:46:00+08:00,25.98159,29.4019,2.245396,0,2.245396,26,ON,50,7.185266,8.981582,SYNTHETIC_NOT_MEASURED,
2026-07-15T21:47:00+08:00,25.97311,29.38907,2.238111,0,2.238111,26,ON,50,7.161954,8.952443,SYNTHETIC_NOT_MEASURED,
2026-07-15T21:48:00+08:00,26.02084,29.37626,2.230832,0,2.230832,26,ON,50,7.138664,8.923329,SYNTHETIC_NOT_MEASURED,
2026-07-15T21:49:00+08:00,26.00381,29.36347,2.223561,0,2.223561,26,ON,50,7.115395,8.894243,SYNTHETIC_NOT_MEASURED,
2026-07-15T21:50:00+08:00,25.97747,29.35068,2.216296,0,2.216296,26,ON,50,7.092148,8.865184,SYNTHETIC_NOT_MEASURED,
2026-07-15T21:51:00+08:00,25.99724,29.33791,2.209038,0,2.209038,26,ON,50,7.068923,8.836154,SYNTHETIC_NOT_MEASURED,
2026-07-15T21:52:00+08:00,25.98707,29.32515,2.201788,0,2.201788,26,ON,50,7.045722,8.807152,SYNTHETIC_NOT_MEASURED,
2026-07-15T21:53:00+08:00,25.96168,29.3124,2.194545,0,2.194545,26,ON,50,7.022543,8.778179,SYNTHETIC_NOT_MEASURED,
2026-07-15T21:54:00+08:00,25.98033,29.29966,2.187309,0,2.187309,26,ON,50,6.999389,8.749236,SYNTHETIC_NOT_MEASURED,
2026-07-15T21:55:00+08:00,26.00758,29.28694,2.180081,0,2.180081,26,ON,50,6.976259,8.720323,SYNTHETIC_NOT_MEASURED,
2026-07-15T21:56:00+08:00,26.01501,29.27423,2.17286,0,2.17286,26,ON,50,6.953153,8.691442,SYNTHETIC_NOT_MEASURED,
2026-07-15T21:57:00+08:00,26.03412,29.26154,2.165648,0,2.165648,26,ON,50,6.930073,8.662591,SYNTHETIC_NOT_MEASURED,
2026-07-15T21:58:00+08:00,26.03429,29.24886,2.158443,0,2.158443,26,ON,50,6.907018,8.633773,SYNTHETIC_NOT_MEASURED,
2026-07-15T21:59:00+08:00,26.01683,29.23619,2.151247,0,2.151247,26,ON,50,6.883989,8.604987,SYNTHETIC_NOT_MEASURED,
2026-07-15T22:00:00+08:00,26.02826,29.22354,0.0,0,0.0,,OFF,50,0.0,0.0,SYNTHETIC_NOT_MEASURED,
2026-07-15T22:01:00+08:00,26.03148,29.21091,0.0,0,0.0,,OFF,50,0.0,0.0,SYNTHETIC_NOT_MEASURED,
2026-07-15T22:02:00+08:00,26.01017,29.19828,0.0,0,0.0,,OFF,50,0.0,0.0,SYNTHETIC_NOT_MEASURED,
2026-07-15T22:03:00+08:00,26.02765,29.18568,0.0,0,0.0,,OFF,50,0.0,0.0,SYNTHETIC_NOT_MEASURED,
2026-07-15T22:04:00+08:00,26.0122,29.17309,0.0,0,0.0,,OFF,50,0.0,0.0,SYNTHETIC_NOT_MEASURED,
2026-07-15T22:05:00+08:00,26.04237,29.16051,0.0,0,0.0,,OFF,50,0.0,0.0,SYNTHETIC_NOT_MEASURED,
2026-07-15T22:06:00+08:00,26.0344,29.14795,0.0,0,0.0,,OFF,50,0.0,0.0,SYNTHETIC_NOT_MEASURED,
2026-07-15T22:07:00+08:00,26.04481,29.13541,0.0,0,0.0,,OFF,50,0.0,0.0,SYNTHETIC_NOT_MEASURED,
2026-07-15T22:08:00+08:00,26.08377,29.12288,0.0,0,0.0,,OFF,50,0.0,0.0,SYNTHETIC_NOT_MEASURED,
2026-07-15T22:09:00+08:00,26.06681,29.11038,0.0,0,0.0,,OFF,50,0.0,0.0,SYNTHETIC_NOT_MEASURED,
2026-07-15T22:10:00+08:00,26.08766,29.09788,0.0,0,0.0,,OFF,50,0.0,0.0,SYNTHETIC_NOT_MEASURED,
2026-07-15T22:11:00+08:00,26.08539,29.08541,0.0,0,0.0,,OFF,50,0.0,0.0,SYNTHETIC_NOT_MEASURED,
2026-07-15T22:12:00+08:00,26.11797,29.07295,0.0,0,0.0,,OFF,50,0.0,0.0,SYNTHETIC_NOT_MEASURED,
2026-07-15T22:13:00+08:00,26.11412,29.06051,0.0,0,0.0,,OFF,50,0.0,0.0,SYNTHETIC_NOT_MEASURED,
2026-07-15T22:14:00+08:00,26.15084,29.04809,0.0,0,0.0,,OFF,50,0.0,0.0,SYNTHETIC_NOT_MEASURED,
2026-07-15T22:15:00+08:00,26.12176,29.03568,0.0,0,0.0,,OFF,50,0.0,0.0,SYNTHETIC_NOT_MEASURED,
2026-07-15T22:16:00+08:00,26.16808,29.0233,0.0,0,0.0,,OFF,50,0.0,0.0,SYNTHETIC_NOT_MEASURED,
2026-07-15T22:17:00+08:00,26.11832,29.01093,0.0,0,0.0,,OFF,50,0.0,0.0,SYNTHETIC_NOT_MEASURED,
2026-07-15T22:18:00+08:00,26.17787,28.99858,0.0,0,0.0,,OFF,50,0.0,0.0,SYNTHETIC_NOT_MEASURED,
2026-07-15T22:19:00+08:00,26.14489,28.98625,0.0,0,0.0,,OFF,50,0.0,0.0,SYNTHETIC_NOT_MEASURED,
2026-07-15T22:20:00+08:00,26.20155,28.97394,0.0,0,0.0,,OFF,50,0.0,0.0,SYNTHETIC_NOT_MEASURED,
2026-07-15T22:21:00+08:00,26.20843,28.96165,0.0,0,0.0,,OFF,50,0.0,0.0,SYNTHETIC_NOT_MEASURED,
2026-07-15T22:22:00+08:00,26.21009,28.94938,0.0,0,0.0,,OFF,50,0.0,0.0,SYNTHETIC_NOT_MEASURED,
2026-07-15T22:23:00+08:00,26.21004,28.93713,0.0,0,0.0,,OFF,50,0.0,0.0,SYNTHETIC_NOT_MEASURED,
2026-07-15T22:24:00+08:00,26.23052,28.9249,0.0,0,0.0,,OFF,50,0.0,0.0,SYNTHETIC_NOT_MEASURED,
2026-07-15T22:25:00+08:00,26.2225,28.91269,0.0,0,0.0,,OFF,50,0.0,0.0,SYNTHETIC_NOT_MEASURED,
2026-07-15T22:26:00+08:00,26.25975,28.9005,0.0,0,0.0,,OFF,50,0.0,0.0,SYNTHETIC_NOT_MEASURED,
2026-07-15T22:27:00+08:00,26.23843,28.88833,0.0,0,0.0,,OFF,50,0.0,0.0,SYNTHETIC_NOT_MEASURED,
2026-07-15T22:28:00+08:00,26.2606,28.87618,0.0,0,0.0,,OFF,50,0.0,0.0,SYNTHETIC_NOT_MEASURED,
2026-07-15T22:29:00+08:00,26.25171,28.86405,0.0,0,0.0,,OFF,50,0.0,0.0,SYNTHETIC_NOT_MEASURED,
2026-07-15T22:30:00+08:00,26.26739,28.85195,0.0,0,0.0,,OFF,50,0.0,0.0,SYNTHETIC_NOT_MEASURED,
2026-07-15T22:31:00+08:00,26.24388,28.83987,0.0,0,0.0,,OFF,50,0.0,0.0,SYNTHETIC_NOT_MEASURED,
2026-07-15T22:32:00+08:00,26.30711,28.82781,0.0,0,0.0,,OFF,50,0.0,0.0,SYNTHETIC_NOT_MEASURED,
2026-07-15T22:33:00+08:00,26.29751,28.81577,0.0,0,0.0,,OFF,50,0.0,0.0,SYNTHETIC_NOT_MEASURED,
2026-07-15T22:34:00+08:00,26.28761,28.80375,0.0,0,0.0,,OFF,50,0.0,0.0,SYNTHETIC_NOT_MEASURED,
2026-07-15T22:35:00+08:00,26.30777,28.79176,0.0,0,0.0,,OFF,50,0.0,0.0,SYNTHETIC_NOT_MEASURED,
2026-07-15T22:36:00+08:00,26.33226,28.77979,0.0,0,0.0,,OFF,50,0.0,0.0,SYNTHETIC_NOT_MEASURED,
2026-07-15T22:37:00+08:00,26.33093,28.76784,0.0,0,0.0,,OFF,50,0.0,0.0,SYNTHETIC_NOT_MEASURED,
2026-07-15T22:38:00+08:00,26.30951,28.75592,0.0,0,0.0,,OFF,50,0.0,0.0,SYNTHETIC_NOT_MEASURED,
2026-07-15T22:39:00+08:00,26.34265,28.74402,0.0,0,0.0,,OFF,50,0.0,0.0,SYNTHETIC_NOT_MEASURED,
2026-07-15T22:40:00+08:00,26.31836,28.73215,0.0,0,0.0,,OFF,50,0.0,0.0,SYNTHETIC_NOT_MEASURED,
2026-07-15T22:41:00+08:00,26.32765,28.72029,0.0,0,0.0,,OFF,50,0.0,0.0,SYNTHETIC_NOT_MEASURED,
2026-07-15T22:42:00+08:00,26.3557,28.70847,0.0,0,0.0,,OFF,50,0.0,0.0,SYNTHETIC_NOT_MEASURED,
2026-07-15T22:43:00+08:00,26.34711,28.69666,0.0,0,0.0,,OFF,50,0.0,0.0,SYNTHETIC_NOT_MEASURED,
2026-07-15T22:44:00+08:00,26.3613,28.68489,0.0,0,0.0,,OFF,50,0.0,0.0,SYNTHETIC_NOT_MEASURED,
2026-07-15T22:45:00+08:00,26.34982,28.67313,0.0,0,0.0,,OFF,50,0.0,0.0,SYNTHETIC_NOT_MEASURED,
2026-07-15T22:46:00+08:00,26.34711,28.66141,0.0,0,0.0,,OFF,50,0.0,0.0,SYNTHETIC_NOT_MEASURED,
2026-07-15T22:47:00+08:00,26.38321,28.6497,0.0,0,0.0,,OFF,50,0.0,0.0,SYNTHETIC_NOT_MEASURED,
2026-07-15T22:48:00+08:00,26.4046,28.63803,0.0,0,0.0,,OFF,50,0.0,0.0,SYNTHETIC_NOT_MEASURED,
2026-07-15T22:49:00+08:00,26.42304,28.62638,0.0,0,0.0,,OFF,50,0.0,0.0,SYNTHETIC_NOT_MEASURED,
2026-07-15T22:50:00+08:00,26.35603,28.61475,0.0,0,0.0,,OFF,50,0.0,0.0,SYNTHETIC_NOT_MEASURED,
2026-07-15T22:51:00+08:00,26.41685,28.60316,0.0,0,0.0,,OFF,50,0.0,0.0,SYNTHETIC_NOT_MEASURED,
2026-07-15T22:52:00+08:00,26.38648,28.59159,0.0,0,0.0,,OFF,50,0.0,0.0,SYNTHETIC_NOT_MEASURED,
2026-07-15T22:53:00+08:00,26.42832,28.58004,0.0,0,0.0,,OFF,50,0.0,0.0,SYNTHETIC_NOT_MEASURED,
2026-07-15T22:54:00+08:00,26.43018,28.56852,0.0,0,0.0,,OFF,50,0.0,0.0,SYNTHETIC_NOT_MEASURED,
2026-07-15T22:55:00+08:00,26.44611,28.55703,0.0,0,0.0,,OFF,50,0.0,0.0,SYNTHETIC_NOT_MEASURED,
2026-07-15T22:56:00+08:00,26.427,28.54557,0.0,0,0.0,,OFF,50,0.0,0.0,SYNTHETIC_NOT_MEASURED,
2026-07-15T22:57:00+08:00,26.43881,28.53414,0.0,0,0.0,,OFF,50,0.0,0.0,SYNTHETIC_NOT_MEASURED,
2026-07-15T22:58:00+08:00,26.48401,28.52273,0.0,0,0.0,,OFF,50,0.0,0.0,SYNTHETIC_NOT_MEASURED,
2026-07-15T22:59:00+08:00,26.4621,28.51135,0.0,0,0.0,,OFF,50,0.0,0.0,SYNTHETIC_NOT_MEASURED,
2026-07-15T23:00:00+08:00,26.49089,28.5,10.0,0,10.0,26,ON,50,32.0,40.0,SYNTHETIC_NOT_MEASURED,
2026-07-15T23:01:00+08:00,26.39377,28.48868,10.0,0,10.0,26,ON,50,32.0,40.0,SYNTHETIC_NOT_MEASURED,
2026-07-15T23:02:00+08:00,26.43261,28.47738,10.0,0,10.0,26,ON,50,32.0,40.0,SYNTHETIC_NOT_MEASURED,
2026-07-15T23:03:00+08:00,26.33567,28.46612,10.0,0,10.0,26,ON,50,32.0,40.0,SYNTHETIC_NOT_MEASURED,
2026-07-15T23:04:00+08:00,26.34302,28.45489,10.0,0,10.0,26,ON,50,32.0,40.0,SYNTHETIC_NOT_MEASURED,
2026-07-15T23:05:00+08:00,26.25399,28.44368,10.0,0,10.0,26,ON,50,32.0,40.0,SYNTHETIC_NOT_MEASURED,
2026-07-15T23:06:00+08:00,26.26343,28.4325,10.0,0,10.0,26,ON,50,32.0,40.0,SYNTHETIC_NOT_MEASURED,
2026-07-15T23:07:00+08:00,26.18258,28.42136,10.0,0,10.0,26,ON,50,32.0,40.0,SYNTHETIC_NOT_MEASURED,
2026-07-15T23:08:00+08:00,26.16197,28.41024,10.0,0,10.0,26,ON,50,32.0,40.0,SYNTHETIC_NOT_MEASURED,
2026-07-15T23:09:00+08:00,26.17587,28.39916,10.0,0,10.0,26,ON,50,32.0,40.0,SYNTHETIC_NOT_MEASURED,
2026-07-15T23:10:00+08:00,26.11525,28.3881,10.0,0,10.0,26,ON,50,32.0,40.0,SYNTHETIC_NOT_MEASURED,
2026-07-15T23:11:00+08:00,26.07601,28.37708,10.0,0,10.0,26,ON,50,32.0,40.0,SYNTHETIC_NOT_MEASURED,
2026-07-15T23:12:00+08:00,26.04604,28.36608,7.925273,0,7.925273,26,ON,50,25.360874,31.701092,SYNTHETIC_NOT_MEASURED,
2026-07-15T23:13:00+08:00,26.04364,28.35512,1.650637,0,1.650637,26,ON,50,5.282037,6.602546,SYNTHETIC_NOT_MEASURED,
2026-07-15T23:14:00+08:00,25.99015,28.34419,1.644426,0,1.644426,26,ON,50,5.262162,6.577702,SYNTHETIC_NOT_MEASURED,
2026-07-15T23:15:00+08:00,26.02747,28.33329,1.638233,0,1.638233,26,ON,50,5.242344,6.55293,SYNTHETIC_NOT_MEASURED,
2026-07-15T23:16:00+08:00,26.01885,28.32242,1.632058,0,1.632058,26,ON,50,5.222584,6.52823,SYNTHETIC_NOT_MEASURED,
2026-07-15T23:17:00+08:00,25.99238,28.31159,1.625901,0,1.625901,26,ON,50,5.202882,6.503603,SYNTHETIC_NOT_MEASURED,
2026-07-15T23:18:00+08:00,26.03975,28.30078,1.619762,0,1.619762,26,ON,50,5.183239,6.479048,SYNTHETIC_NOT_MEASURED,
2026-07-15T23:19:00+08:00,26.02332,28.29001,1.613642,0,1.613642,26,ON,50,5.163654,6.454568,SYNTHETIC_NOT_MEASURED,
2026-07-15T23:20:00+08:00,26.00159,28.27927,1.60754,0,1.60754,26,ON,50,5.144129,6.430161,SYNTHETIC_NOT_MEASURED,
2026-07-15T23:21:00+08:00,26.00309,28.26856,1.601457,0,1.601457,26,ON,50,5.124663,6.405828,SYNTHETIC_NOT_MEASURED,
2026-07-15T23:22:00+08:00,25.99391,28.25789,1.595393,0,1.595393,26,ON,50,5.105257,6.381571,SYNTHETIC_NOT_MEASURED,
2026-07-15T23:23:00+08:00,25.98811,28.24725,1.589347,0,1.589347,26,ON,50,5.085911,6.357389,SYNTHETIC_NOT_MEASURED,
2026-07-15T23:24:00+08:00,25.95854,28.23664,1.583321,0,1.583321,26,ON,50,5.066626,6.333282,SYNTHETIC_NOT_MEASURED,
2026-07-15T23:25:00+08:00,26.01456,28.22607,1.577313,0,1.577313,26,ON,50,5.047402,6.309252,SYNTHETIC_NOT_MEASURED,
2026-07-15T23:26:00+08:00,26.02227,28.21553,1.571325,0,1.571325,26,ON,50,5.028239,6.285299,SYNTHETIC_NOT_MEASURED,
2026-07-15T23:27:00+08:00,26.0138,28.20503,1.565356,0,1.565356,26,ON,50,5.009139,6.261423,SYNTHETIC_NOT_MEASURED,
2026-07-15T23:28:00+08:00,26.00412,28.19455,1.559406,0,1.559406,26,ON,50,4.9901,6.237625,SYNTHETIC_NOT_MEASURED,
2026-07-15T23:29:00+08:00,25.98021,28.18412,1.553476,0,1.553476,26,ON,50,4.971124,6.213905,SYNTHETIC_NOT_MEASURED,
2026-07-15T23:30:00+08:00,26.04102,28.17372,1.547566,0,1.547566,26,ON,50,4.95221,6.190263,SYNTHETIC_NOT_MEASURED,
2026-07-15T23:31:00+08:00,25.98113,28.16335,1.541675,0,1.541675,26,ON,50,4.93336,6.1667,SYNTHETIC_NOT_MEASURED,
2026-07-15T23:32:00+08:00,26.01321,28.15302,1.535804,0,1.535804,26,ON,50,4.914574,6.143217,SYNTHETIC_NOT_MEASURED,
2026-07-15T23:33:00+08:00,25.98598,28.14272,1.529953,0,1.529953,26,ON,50,4.895851,6.119814,SYNTHETIC_NOT_MEASURED,
2026-07-15T23:34:00+08:00,25.96104,28.13246,1.524123,0,1.524123,26,ON,50,4.877193,6.096491,SYNTHETIC_NOT_MEASURED,
2026-07-15T23:35:00+08:00,26.01334,28.12223,1.518312,0,1.518312,26,ON,50,4.858599,6.073249,SYNTHETIC_NOT_MEASURED,
2026-07-15T23:36:00+08:00,25.98152,28.11204,1.512522,0,1.512522,26,ON,50,4.840071,6.050088,SYNTHETIC_NOT_MEASURED,
2026-07-15T23:37:00+08:00,25.99866,28.10188,1.506752,0,1.506752,26,ON,50,4.821607,6.027009,SYNTHETIC_NOT_MEASURED,
2026-07-15T23:38:00+08:00,26.04082,28.09177,1.501003,0,1.501003,26,ON,50,4.80321,6.004012,SYNTHETIC_NOT_MEASURED,
2026-07-15T23:39:00+08:00,25.98846,28.08168,1.495274,0,1.495274,26,ON,50,4.784878,5.981098,SYNTHETIC_NOT_MEASURED,
2026-07-15T23:40:00+08:00,25.96071,28.07164,1.489567,0,1.489567,26,ON,50,4.766613,5.958266,SYNTHETIC_NOT_MEASURED,
2026-07-15T23:41:00+08:00,25.96326,28.06163,1.48388,0,1.48388,26,ON,50,4.748415,5.935518,SYNTHETIC_NOT_MEASURED,
2026-07-15T23:42:00+08:00,25.99002,28.05166,1.478214,0,1.478214,26,ON,50,4.730283,5.912854,SYNTHETIC_NOT_MEASURED,
2026-07-15T23:43:00+08:00,26.00864,28.04172,1.472569,0,1.472569,26,ON,50,4.71222,5.890274,SYNTHETIC_NOT_MEASURED,
2026-07-15T23:44:00+08:00,25.96207,28.03182,1.466945,0,1.466945,26,ON,50,4.694223,5.867779,SYNTHETIC_NOT_MEASURED,
2026-07-15T23:45:00+08:00,25.98865,28.02196,1.461342,0,1.461342,26,ON,50,4.676296,5.845369,SYNTHETIC_NOT_MEASURED,
2026-07-15T23:46:00+08:00,25.9817,28.01214,1.455761,0,1.455761,26,ON,50,4.658436,5.823045,SYNTHETIC_NOT_MEASURED,
2026-07-15T23:47:00+08:00,26.03861,28.00236,1.450202,0,1.450202,26,ON,50,4.640645,5.800807,SYNTHETIC_NOT_MEASURED,
2026-07-15T23:48:00+08:00,26.04639,27.99261,1.444664,0,1.444664,26,ON,50,4.622924,5.778655,SYNTHETIC_NOT_MEASURED,
2026-07-15T23:49:00+08:00,25.97379,27.9829,1.439147,0,1.439147,26,ON,50,4.605272,5.75659,SYNTHETIC_NOT_MEASURED,
2026-07-15T23:50:00+08:00,26.07482,27.97323,1.433653,0,1.433653,26,ON,50,4.58769,5.734612,SYNTHETIC_NOT_MEASURED,
2026-07-15T23:51:00+08:00,25.96094,27.9636,1.428181,0,1.428181,26,ON,50,4.570178,5.712722,SYNTHETIC_NOT_MEASURED,
2026-07-15T23:52:00+08:00,25.9908,27.954,1.42273,0,1.42273,26,ON,50,4.552736,5.69092,SYNTHETIC_NOT_MEASURED,
2026-07-15T23:53:00+08:00,26.0415,27.94445,1.417302,0,1.417302,26,ON,50,4.535366,5.669207,SYNTHETIC_NOT_MEASURED,
2026-07-15T23:54:00+08:00,25.99021,27.93494,1.411896,0,1.411896,26,ON,50,4.518066,5.647582,SYNTHETIC_NOT_MEASURED,
2026-07-15T23:55:00+08:00,26.03437,27.92546,1.406512,0,1.406512,26,ON,50,4.500838,5.626047,SYNTHETIC_NOT_MEASURED,
2026-07-15T23:56:00+08:00,26.02824,27.91602,1.401151,0,1.401151,26,ON,50,4.483682,5.604602,SYNTHETIC_NOT_MEASURED,
2026-07-15T23:57:00+08:00,26.00637,27.90663,1.395812,0,1.395812,26,ON,50,4.466597,5.583247,SYNTHETIC_NOT_MEASURED,
2026-07-15T23:58:00+08:00,26.00806,27.89727,1.390496,0,1.390496,26,ON,50,4.449586,5.561982,SYNTHETIC_NOT_MEASURED,
2026-07-15T23:59:00+08:00,26.03503,27.88796,1.385202,0,1.385202,26,ON,50,4.432647,5.540809,SYNTHETIC_NOT_MEASURED,
2026-07-16T00:00:00+08:00,25.99607,27.87868,,,,,,,,,SYNTHETIC_NOT_MEASURED,END_BOUNDARY
